Numerical identifer,Age at dx,Vital status,Date of death,"Lymph nodes sampled (1=yes, 0=no)",Sentinel nodes or LA? (S v L),FIGO Grade postop,2018 FIGO stage postop,2023 FIGO stage postop,Did staging change?,Final histology,"Molecular analysis of tumor performed? (1=yes, 0=no)",Mutations noted,"Molecular categorization (0=null, 1=p53, 2=MMRd, 3=NSMP, 4=POLE)",OS (m),Recurrence?,PFS (m),path
TCGA-A5-A0G1,67,0,,1.0,L,3,1A,2C,1.0,Endometrioid,1,,3,106.81,0,106.8113163,reports/TCGA_PathReports_Mutations_Patients 1-100/TCGA-A5-A0G1
TCGA-A5-A0G2,57,Unk,,1.0,L,3,3B,3B1,0.0,Papillary serous,1,,3,,,,reports/TCGA_PathReports_Mutations_Patients 1-100/TCGA-A5-A0G2
TCGA-A5-A0G3,61,1,,1.0,L,3,3C2,3C2,0.0,Papillary serous,1,"TP53, PPP2R1A",1,46.92,1,26.1196544,reports/TCGA_PathReports_Mutations_Patients 1-100/TCGA-A5-A0G3
TCGA-A5-A0G5,73,1,,1.0,L,3,1B,2Cmp53abn,1.0,"Serous, clear cell, undifferentiated",1,"PPP2R1A PIK3CA, SMAD4, SMAD2, RAF1, MAP2K2, SPEN, PSEN2, TP53, TAOK1",1,36.99,0,36.99463001,reports/TCGA_PathReports_Mutations_Patients 1-100/TCGA-A5-A0G5
TCGA-A5-A0G9,79,1,,1.0,L,3,1B,2C,1.0,Endometrioid and clear cell,1,"latsi, fat3, crb1, pik3R1, PTEN, AKT3, CREBBP, PSEN2, MDM4, NFEL2L2",2,83.45,0,83.45147445,reports/TCGA_PathReports_Mutations_Patients 1-100/TCGA-A5-A0G9
TCGA-A5-A0GA,67,0,,1.0,L,3,3C2,3C2,0.0,Endometrioid,1,"PTEN, PIKE3CA, KRAS, ROS1, DNER, CREBBP, FAT3",2,17.84,1,,reports/TCGA_PathReports_Mutations_Patients 1-100/TCGA-A5-A0GA
TCGA-A5-A0GB,65,1,,1.0,L,3,1B,2C,1.0,Endometrioid,1,"PIK3CA, PTEN, TSC2, FAT1, TEAD2, CRB1, KRAS, RIT1, NTRK1, ATM, MDM4",2,32.76,0,32.75634647,reports/TCGA_PathReports_Mutations_Patients 1-100/TCGA-A5-A0GB
TCGA-A5-A0GD,75,0,,1.0,L,2,1B,2C,1.0,Endometrioid,0,,0,112.43,0,112.4295061,reports/TCGA_PathReports_Mutations_Patients 1-100/TCGA-A5-A0GD
TCGA-A5-A0GE,38,1,,1.0,L,2,1A,1C,1.0,Endometrioid,1,"PTEN, PIK3R1, MYC",3,105.3,0,105.2999904,reports/TCGA_PathReports_Mutations_Patients 1-100/TCGA-A5-A0GE
TCGA-A5-A0GG,76,1,,1.0,L,2,1A,1C,1.0,Endometrioid,0,,0,87.26,0,87.26264415,reports/TCGA_PathReports_Mutations_Patients 1-100/TCGA-A5-A0GG
TCGA-A5-A0GH,57,1,,1.0,L,3,1A,2C,1.0,Endometrioid,1,"FAT4, FAT1, TAOK3, PTEN, PIK3RD, TSC2, APC, LRP5, NFE2L2, CUL3, NOTCH4, EP300, NRAS",2,74.02,0,74.02211493,reports/TCGA_PathReports_Mutations_Patients 1-100/TCGA-A5-A0GH
TCGA-A5-A0GI,63,1,,1.0,L,2,1A,2C,1.0,Endometrioid,1,"CHEK2, RPS6KA3, CTNNB1, PTPN14, KDMA, PIK3CA, CBL, MAX",2,57.5,0,57.4960946,reports/TCGA_PathReports_Mutations_Patients 1-100/TCGA-A5-A0GI
TCGA-A5-A0GJ,44,1,,1.0,L,2,3A,3A1,0.0,Endometrioid,1,"NF1, SOS1, PTEN, TP53, STK3, CNTN6, MYC",1,65.71,1,0.394258934,reports/TCGA_PathReports_Mutations_Patients 1-100/TCGA-A5-A0GJ
TCGA-A5-A0GM,53,1,,1.0,L,1,1A,2C,1.0,Endometrioid,1,"PIK3CA, PTEN, CTNNB1",3,60.45,0,60.45303661,reports/TCGA_PathReports_Mutations_Patients 1-100/TCGA-A5-A0GM
TCGA-A5-A0GN,65,1,,1.0,L,1,1B,2Cmp53abn,1.0,Endometrioid,1,"CRB1, PTPN14, PIK3CA, AKT3, RIT1, NTRK1, CTNNB1, MDM4, PSEN2",1,60.49,0,60.48589152,reports/TCGA_PathReports_Mutations_Patients 1-100/TCGA-A5-A0GN
TCGA-A5-A0GP,58,1,,1.0,L,1,1A,IAmPOLEmut,0.0,Endometrioid,1,"PTPN14, MOB1B, FAT4, PIK3CA, PTEN, RICTOR, KRAS, SOS1, NF1, FBXW7, SPEN, NOTCH4, APC, AMER1, ATM, RPS6KA3, FBXW7, ATM, NFE2L2",4,46.52,0,46.52255426,reports/TCGA_PathReports_Mutations_Patients 1-100/TCGA-A5-A0GP
TCGA-A5-A0GQ,76,1,,1.0,L,1,1A,1B,1.0,Endometrioid,1,"PTEN, FGFR2",3,38.34,0,38.34168137,reports/TCGA_PathReports_Mutations_Patients 1-100/TCGA-A5-A0GQ
TCGA-A5-A0GR,69,1,,1.0,L,2,1A,1A1,0.0,Endometrioid,1,PIK3CA,3,36.8,0,36.79750054,reports/TCGA_PathReports_Mutations_Patients 1-100/TCGA-A5-A0GR
TCGA-A5-A0GU,58,1,,1.0,L,1,1A,1A2,0.0,Endometrioid,1,"PTEN, PIK3R1, CTNNB1",3,28.22,0,28.22236872,reports/TCGA_PathReports_Mutations_Patients 1-100/TCGA-A5-A0GU
TCGA-A5-A0GV,67,1,,1.0,L,1,1A,1A2,0.0,Endometrioid,1,"PTEN, PIK3R1, CTNNB1",3,20.8,1,9.987893005,reports/TCGA_PathReports_Mutations_Patients 1-100/TCGA-A5-A0GV
TCGA-A5-A0GW,46,1,,1.0,L,3,1A,2Cmp53abn,1.0,Endometrioid,1,"DCHS1, FAT4, FAT1, PTEN, PIK3R1, FGFR2, RET, TP53, CTNNB1, NFE2L2, DNER","1,2",23.2,0,23.19556731,reports/TCGA_PathReports_Mutations_Patients 1-100/TCGA-A5-A0GW
TCGA-A5-A0GX,53,1,,0.0,,2,1A,1A2,0.0,Endometrioid,1,"PIK3CA, PTEN, AKT3, CRB1, PTPN14, CTNNB1, MDM4, PSEN2",3,68.57,0,68.56819967,reports/TCGA_PathReports_Mutations_Patients 1-100/TCGA-A5-A0GX
TCGA-A5-A0R6,64,1,,1.0,L,3,3C1,3C1,0.0,Papillary serous,1,"DKK2, TP53, PIK3CA, ALK, TP53",1,19.94,0,19.9429311,reports/TCGA_PathReports_Mutations_Patients 1-100/TCGA-A5-A0R6
TCGA-A5-A0R7,55,1,,1.0,L,2,1A,2Cmp53abn,1.0,Endometrioid,1,"PTEN, PIK3R1, TP53",1,17.54,0,17.54452258,reports/TCGA_PathReports_Mutations_Patients 1-100/TCGA-A5-A0R7
TCGA-A5-A0R8,81,1,,1.0,L,2,1B,2B,1.0,Endometrioid,1,"PTEN, FBXW7",3,19.55,1,1.37990627,reports/TCGA_PathReports_Mutations_Patients 1-100/TCGA-A5-A0R8
TCGA-A5-A0R9,51,1,,1.0,L,2,1A,1A2,0.0,Endometrioid,1,"PTEN, PIK3R1,  TSC2, CTNNB1, SOS1",3,24.61,0,24.60832849,reports/TCGA_PathReports_Mutations_Patients 1-100/TCGA-A5-A0R9
TCGA-A5-A0RA,68,1,,1.0,L,2,1B,2B,1.0,Endometrioid,1,"PTEN, PIK3CA, NOTCH4",3,29.01,0,29.01088659,reports/TCGA_PathReports_Mutations_Patients 1-100/TCGA-A5-A0RA
TCGA-A5-A0VO,64,1,,1.0,L,2,1B,2B,1.0,Endometrioid,1,"PIK3R1, PTEN, CTNNB1, KRAS",3,11.96,0,11.95918768,reports/TCGA_PathReports_Mutations_Patients 1-100/TCGA-A5-A0VO
TCGA-A5-A0VP,74,1,,1.0,L,3,1A,2C,1.0,Endometrioid,1,"PTPN14, FAT1, FAT2, AXIN1, TLE2, AMER1, PIK3CA, RICTOR, KAT2B, FBXW7, NOTCH3, ERBB3, FGFR4, MGA",2,42.28,0,42.28427071,reports/TCGA_PathReports_Mutations_Patients 1-100/TCGA-A5-A0VP
TCGA-A5-A0VQ,62,1,,1.0,L,3,1A,2C,1.0,Endometrioid,1,"PIK3CA, PIK3R1, PTEN, NRAS, RASA1, ARAF, CTNNB1, LATS2",2,15.93,0,15.93463193,reports/TCGA_PathReports_Mutations_Patients 1-100/TCGA-A5-A0VQ
TCGA-A5-A1OF,47,1,,1.0,L,3,1A,2C,1.0,Endometrioid,0,,0,7.92,0,7.918033599,reports/TCGA_PathReports_Mutations_Patients 1-100/TCGA-A5-A1OF
TCGA-A5-A1OG,65,1,,1.0,L,3,1B,2C,1.0,Papillary serous,0,,0,11.43,1,11.07210507,reports/TCGA_PathReports_Mutations_Patients 1-100/TCGA-A5-A1OG
TCGA-A5-A1OJ,31,1,,1.0,L,2,1A,1A2,0.0,Endometrioid,0,,0,9.59,0,9.59363407,reports/TCGA_PathReports_Mutations_Patients 1-100/TCGA-A5-A1OJ
TCGA-A5-A1OK,63,1,,1.0,L,3,1B,2C,1.0,Endometrioid,0,,0,7.98,0,7.983743422,reports/TCGA_PathReports_Mutations_Patients 1-100/TCGA-A5-A1OK
TCGA-AJ-A23M,61,1,,1.0,L,3,2,2Cmp53abn,0.0,Papillary serous,1,"MGA, MLX, MXD4, MYCL, PIK3R1, PIK3CA, AKT2, FGFR3, TP53, CCNE1, SPEN",1,1.02,,,reports/TCGA_PathReports_Mutations_Patients 1-100/TCGA-AJ-A23M
TCGA-AJ-A23O,69,0,,1.0,L,3,1B,2C,1.0,Endometrioid,1,"CRB1, PTPN1, MTOR, AKT3, PSEN2, SPEN, MDM4, ERRFI1",3,10.25,,,reports/TCGA_PathReports_Mutations_Patients 1-100/TCGA-AJ-A23O
TCGA-AP-A051,69,1,,1.0,L,3,1A,IAmPOLEmut,1.0,Endometrioid,1,"nf1, rit1, alk, pdgfra, dchs1, fat3, crb1, akt2, MTOR, PIK3CA, CNTN6, NOTCH2, FBXW7, APC, SFRP4, LRP5, LRP6, CDKN1A, ATM, SMAD3, SMAD2, MDM4, ATM, MGA, MYC, CUL3",4,83.62,0,83.615749,reports/TCGA_PathReports_Mutations_Patients 1-100/TCGA-AP-A051
TCGA-AP-A052,59,0,,0.0,,3,4A,4A,0.0,Papillary serous,1,"PIK3CA, AKT2, PPP2R1A, TCF7L1, TCF7, TEAD2, CSNK1E, ERBB3, MAPK1, TP53, CCNE1, KDM5A, SPEN, MYCL, TGFBR2",1,21.98,1,12.9119801,reports/TCGA_PathReports_Mutations_Patients 1-100/TCGA-AP-A052
TCGA-AP-A053,90,1,,1.0,L,3,1A,2Cmp53abn,1.0,Endometrioid,1,"PIK3CA, MTOR, TSC2, RIT1, NTRK1, FGFR4, RNF43, AXIN2, TCF7L1, TP53, MDM4, SMAD2, SMAD4, CSNK1D, YAP1, MXD3, KEAP1, NOTCH3",1,5.95,0,5.946738927,
TCGA-AP-A054,64,0,,1.0,L,3,3C2,3C2,0.0,Endometrioid,1,"FAT4, WWC1, FAT3, PIK3CA, PTEN, INPP4B, TP53, CHEK2, CCND1, KDM51, CREBBP, CTNNB1, FLT3, MLXIP","1,2",23.29,1,18.59587974,reports/TCGA_PathReports_Mutations_Patients 1-100/TCGA-AP-A054
TCGA-AP-A056,64,1,,1.0,L,3,2,IAmPOLEmut,1.0,Endometrioid,1,"KRAS, ROS1, PDGFRA, PTPN14, NF2, FAT1, DKK4, CTNNB1, APC, NOTCH2, KAT2B, NCOR1, PIK3CA, PIK3R1, PTEN, ACVR2A, ACVR2B, SMAD4, ATM, CHEK2, MXI1, MGA, ATM, FBXW7",4,86.01,0,86.01415752,reports/TCGA_PathReports_Mutations_Patients 1-100/TCGA-AP-A056
TCGA-AP-A059,69,1,,1.0,L,3,1A,2Cmp53abn,1.0,Endometrioid,1,"ERRFI1, NTRK1, ALK, FAT1, FAT4, FAT3, CRB1, RNF43, APC, TCFL71, RICTOR, PPP2R1A, NOTCH3, NOTCH2, PSEN2, TP53, MDM4, ATM, MXD3, MLXIP, MAX, MGA, E2F3, ATM, CCNE1, SMAD3","1,4",8.21,0,8.2137278,reports/TCGA_PathReports_Mutations_Patients 1-100/TCGA-AP-A059
TCGA-AP-A05A,81,0,,1.0,L,3,2,2Cmp53abn,0.0,Papillary serous,1,"FBXW7, NOTCH4, JAG2, TP53, MDM4, RIT1, ERB2, FBXW7, AKT1, STK3, MXD1",1,63.84,0,63.83709246,reports/TCGA_PathReports_Mutations_Patients 1-100/TCGA-AP-A05A
TCGA-AP-A05D,67,1,,1.0,L,3,3C2,3C2,0.0,Papillary serous,1,"PIK3CA, PPP2R1A, RHEB, CSNK1D, SAV1, NF1, ARAF, TP53, CCNE1, LRP6, MLXIPL",1,57.76,0,57.75893389,reports/TCGA_PathReports_Mutations_Patients 1-100/TCGA-AP-A05D
TCGA-AP-A05H,75,1,,1.0,L,3,1B,2Cmp53abn,1.0,Papillary serous,1,"RIT1, NTRK1, ERBB3, FBXW7, NCOR1, TP53, FAT1, KEAP1, MXD4",1,45.5,0,45.50405201,reports/TCGA_PathReports_Mutations_Patients 1-100/TCGA-AP-A05H
TCGA-AP-A05J,66,1,,1.0,L,3,2,2Cmp53abn,0.0,Papillary serous,1,"RIT1, FGFR3, RAF1, DCHS1, TAOK1, MOB1A, MXD4, MAX, MXI1, SFRP5, TCF7L2, PIK3R2, PTEN, FBXW7, NOTCH4, TP53, FBXW7",1,36.86,0,36.86321037,reports/TCGA_PathReports_Mutations_Patients 1-100/TCGA-AP-A05J
TCGA-AP-A05N,58,0,,1.0,S,1,1A,1A2,0.0,Endometrioid,1,"CTNNB1, TLE1, RNF43, PTEN, PIK3R1, ALK, ERBB2, PTPN14, MGA",2,23.85,0,23.85266553,reports/TCGA_PathReports_Mutations_Patients 1-100/TCGA-AP-A05N
TCGA-AP-A05O,68,1,,1.0,L,3,1B,2C,1.0,Endometrioid,1,"RIT1, NTRF1, MDM4, CRB1",3,12.19,1,11.17066981,reports/TCGA_PathReports_Mutations_Patients 1-100/TCGA-AP-A05O
TCGA-AP-A05P,54,1,,1.0,L,1,1A,1A1,0.0,Endometrioid,1,"KRAS, FBXW7",3,20.9,0,20.89572352,reports/TCGA_PathReports_Mutations_Patients 1-100/TCGA-AP-A05P
TCGA-AP-A0L8,70,0,,1.0,L,3,3C2,3C2,0.0,Papillary serous,1,"NTRK2, MAP2K2, NF1, SFRP1, DKK4, PIK3CA, PIK3R2, MYC, STK3, TP53, NOTCH3",1,48.76,1,47.70533106,reports/TCGA_PathReports_Mutations_Patients 1-100/TCGA-AP-A0L8
TCGA-AP-A0L9,71,1,,1.0,L,3,1A,2Cmp53abn,1.0,Papillary serous,1,"TP53, CDKN2A, MDM4, FAT2, PTPN14, STK3, PIK3CA, PIK3R3, CDKN2A, CCNE1, NOTCH3, PSEN2, EP300, DKK4",1,125.31,0,125.3086313,reports/TCGA_PathReports_Mutations_Patients 1-100/TCGA-AP-A0L9
TCGA-AP-A0LD,63,1,,1.0,L,3,1B,2C,1.0,Endometrioid,1,"KRAS, IGFR1R, ALK, PIK3CA, PTEN, TGFBR1, AMER1, MGA",2,117.92,0,117.9162763,reports/TCGA_PathReports_Mutations_Patients 1-100/TCGA-AP-A0LD
TCGA-AP-A0LE,57,1,,1.0,L,3,1A,1A2,0.0,Endometrioid,1,"FAT2, DCHS1, TAOK2, PIK3CA, PTEN, MTOR, TCF7L1, CTNNB1, KRAS, ERBB2, SPEN",2,110.29,0,110.2939369,reports/TCGA_PathReports_Mutations_Patients 101-200/TCGA-AP-A0LE
TCGA-AP-A0LF,82,1,,1.0,L,3,4B,4B,0.0,Endometrioid,1,"RIT1, NTRK1, ROS1, MET, SFRP1, DKK4, 
TLE2, PIK3CA, PIK3R2, AKT3, FAT4, PTPN14, 
NOTCH3, PSEN2, MGA, TP53, KEAP1",1,3.38,1,,reports/TCGA_PathReports_Mutations_Patients 101-200/TCGA-AP-A0LF
TCGA-AP-A0LG,54,1,,1.0,L,3,1A,2C,1.0,Endometrioid,1,"PIK3CA, PTEN, CTNNB1, KRAS",2,63.11,0,63.11428442,reports/TCGA_PathReports_Mutations_Patients 101-200/TCGA-AP-A0LG
TCGA-AP-A0LH,60,0,,1.0,L,3,1A,2Cmp53abn,1.0,"Endometrial Carcinoma/Mixed Serous, predoninant serous",1,"PIK3R1, PIK3CA, ERBB3, ERBB2, TP53, CCNE1, MYC",1,36.34,1,9.889328271,reports/TCGA_PathReports_Mutations_Patients 101-200/TCGA-AP-A0LH
TCGA-AP-A0LI,67,1,,1.0,L,3,3C2,3C2,0.0,Papillary serous,1,"MTOR, AKT2, TP53, CCNE1, MYC, MXI1, NOTCH2, SPEN, TP53, BRAF",1,97.64,0,97.64479609,reports/TCGA_PathReports_Mutations_Patients 101-200/TCGA-AP-A0LI
TCGA-AP-A0LJ,42,1,,1.0,L,1,1A,1A2,0.0,Endometrioid,1,"PIK3CA, PTEN, CTNNB1, SOS1",3,31.7,0,31.70498931,reports/TCGA_PathReports_Mutations_Patients 101-200/TCGA-AP-A0LJ
TCGA-AP-A0LL,56,1,,1.0,L,1,1A,IA1,0.0,Endometrioid,1,"CTNNB1, MTOR",3,83.91,1,25.95537985,reports/TCGA_PathReports_Mutations_Patients 101-200/TCGA-AP-A0LL
TCGA-AP-A0LM,33,1,,1.0,L,3,3C2,3C2,0.0,Endometrioid,1,"NF1, MAP2K2, MET, FAT4, FAT3, FAT3, APC, SFRP5, TLE4, NOTCH1, FBXW7, KDM5A, RICTOR, PIK3CA, RPS6KA3, ATM, CHEK2, SMAD4, ACVR2A, SMAD2, FBXW7, CCND1, ATM, MLXIP, MGA, KEAP1",4,27.11,0,27.10530174,reports/TCGA_PathReports_Mutations_Patients 101-200/TCGA-AP-A0LM
TCGA-AP-A0LN,56,1,,1.0,L,1,1A,1A1,0.0,Endometrioid,1,"PIK3CA, PTEN, CTNNB1",3,82.47,0,82.46582711,reports/TCGA_PathReports_Mutations_Patients 101-200/TCGA-AP-A0LN
TCGA-AP-A0LO,45,0,,1.0,L,2,1A,1A1,0.0,Endometrioid,1,"PTEN, PIK3R1, AKT3, CRB1, PTPN14, RIT1, NTRK1, MDM4, PSEN2",3,33.38,1,16.95313418,reports/TCGA_PathReports_Mutations_Patients 101-200/TCGA-AP-A0LO
TCGA-AP-A0LP,76,1,,1.0,L,1,1A,2B,1.0,Endometrioid,1,"PTEN, PIK3CA, SMAD2, FGFR2, CREBBP",2,61.6,0,61.6029585,reports/TCGA_PathReports_Mutations_Patients 101-200/TCGA-AP-A0LP
TCGA-AP-A0LQ,59,1,,1.0,L,2,1A,1A2,0.0,Endometrioid,1,"PIK3CA, PTEN, SOS1, MLXIP, EP300",3,80.72,0,80.72451682,reports/TCGA_PathReports_Mutations_Patients 101-200/TCGA-AP-A0LQ
TCGA-AP-A0LS,63,1,,1.0,L,2,1A,2B,1.0,Endometrioid,0,,0,63.02,0,63.01571968,reports/TCGA_PathReports_Mutations_Patients 101-200/TCGA-AP-A0LS
TCGA-AP-A0LT,57,1,,1.0,L,2,2,2A,0.0,Endometrioid,1,"RNF43, AXIN1, PIK3CA, PTEN, KRAS, ALK, FAT1, DCHS1, ATM, NOTCH1, ATM",2,49.18,0,49.18380207,reports/TCGA_PathReports_Mutations_Patients 101-200/TCGA-AP-A0LT
TCGA-AP-A0LV,39,1,,1.0,L,1,1A,1A2,0.0,Endometrioid,1,"PIK3CA, PTEN, CTNNB1, MYCN",3,25.07,0,25.06829725,reports/TCGA_PathReports_Mutations_Patients 101-200/TCGA-AP-A0LV
TCGA-AP-A1DH,62,1,,1.0,L,3,1A,2C,1.0,Endometrioid,0,,0,71.62,0,71.62370642,reports/TCGA_PathReports_Mutations_Patients 101-200/TCGA-AP-A1DH
TCGA-AP-A1DK,53,1,,1.0,L,3,1A,2C,1.0,Endometrioid,0,,0,60.32,0,60.32161696,reports/TCGA_PathReports_Mutations_Patients 101-200/TCGA-AP-A1DK
TCGA-AP-A1DM,60,1,,1.0,L,1,1A,1A2,0.0,Endometrioid,0,,0,55.85,0,55.85334904,reports/TCGA_PathReports_Mutations_Patients 101-200/TCGA-AP-A1DM
TCGA-AP-A1DO,62,1,,1.0,L,2,1A,1A2,0.0,Endometrioid,0,,0,30.98,0,30.98218126,reports/TCGA_PathReports_Mutations_Patients 101-200/TCGA-AP-A1DO
TCGA-AP-A1DP,70,0,,1.0,L,2,1A,1A2,0.0,Endometrioid,0,,0,35.52,1,27.2695763,reports/TCGA_PathReports_Mutations_Patients 101-200/TCGA-AP-A1DP
TCGA-AP-A1DQ,76,0,,1.0,L,3,3C1,3C1,0.0,Papillary serous,1,"PIK3CA, PPP2R1A, KEAP1, NFE2L2, NOTCH4, NOTCH3, TP53, DCHS2, IGF1R, MYC",1,46.75,1,29.70083972,reports/TCGA_PathReports_Mutations_Patients 101-200/TCGA-AP-A1DQ
TCGA-AP-A1DR,59,1,,1.0,S,2,3C1,3C1,0.0,Endometrioid,0,,0,49.12,0,49.11809224,reports/TCGA_PathReports_Mutations_Patients 101-200/TCGA-AP-A1DR
TCGA-AP-A1DV,59,1,,1.0,L,3,2,2A,0.0,Endometrioid,0,,0,6.7,0,6.702401885,reports/TCGA_PathReports_Mutations_Patients 101-200/TCGA-AP-A1DV
TCGA-AP-A1E0,40,1,,1.0,L,2,3C1,3C1,0.0,Endometrioid,0,,0,30.88,0,30.88361653,reports/TCGA_PathReports_Mutations_Patients 101-200/TCGA-AP-A1E0
TCGA-AP-A1E1,74,1,,1.0,S,2,1A,1A2,0.0,Endometrioid,0,,0,10.42,0,10.41500685,reports/TCGA_PathReports_Mutations_Patients 101-200/TCGA-AP-A1E1
TCGA-AP-A1E3,45,1,,1.0,L,3,3C1,3C1,0.0,Endometrioid,0,,0,27.83,1,,reports/TCGA_PathReports_Mutations_Patients 101-200/TCGA-AP-A1E3
TCGA-AP-A1E4,54,1,,1.0,S,2,1A,2B,1.0,Endometrioid,1,AMER1,3,16.23,1,5.19107597,reports/TCGA_PathReports_Mutations_Patients 101-200/TCGA-AP-A1E4
TCGA-AX-A05S,81,0,,1.0,L,3,3C1,3C1,0.0,Endometrioid,1,"FBXW7, KDM5A, NOTCH3, PTEN, PIK3R1, AMER1, CSNK1E, CBL, FBXW7",2,13.57,1,11.07210507,reports/TCGA_PathReports_Mutations_Patients 101-200/TCGA-AX-A05S
TCGA-AX-A05T,82,1,,1.0,L,1,1A,1A2,0.0,Endometrioid,1,"PIK3CA, PTEN, CTNNB1",3,19.81,0,19.81151145,reports/TCGA_PathReports_Mutations_Patients 101-200/TCGA-AX-A05T
TCGA-AX-A05U,56,1,,1.0,L,1,1A,1A2,0.0,Endometrioid,1,"PTEN, PIK3R1, CTNNB1",3,29.64,0,29.6351299,reports/TCGA_PathReports_Mutations_Patients 101-200/TCGA-AX-A05U
TCGA-AX-A05W,60,1,,1.0,L,1,2,2A,0.0,Endometrioid,1,"PIK3CA, PTEN, PIK3R1, KRAS, NFE2L2",3,68.27,0,68.27250547,reports/TCGA_PathReports_Mutations_Patients 101-200/TCGA-AX-A05W
TCGA-AX-A05Y,57,1,,1.0,L,1,1A,1A2,0.0,Endometrioid,1,"PTEN, PIK3R1, RICTOR, GSK3B",2,71.99,1,6.340997862,reports/TCGA_PathReports_Mutations_Patients 101-200/TCGA-AX-A05Y
TCGA-AX-A05Z,37,1,,1.0,L,2,3A,IAmPOLEmut,1.0,Endometrioid,1,"NF1, ROS1, ALK, ERBB4, DNER, DNTN6, KDM5A, FAT1, FAT4, FAT3, FAT2, APC, SFRP4, LRP6, PIK3CA, PTEN, AKT3, ATM, FBX27, CCND1, ATM, CHEK2, MGA, MYC, CUL3",4,46.42,0,46.42398953,reports/TCGA_PathReports_Mutations_Patients 101-200/TCGA-AX-A05Z
TCGA-AX-A060,77,1,,1.0,L,3,1B,2C,1.0,Endometrioid,1,"APC, TLE1, RNF43, RHEB, PIK3CA, PTEN, KRAS, ALK, ERBB3, FAT4, FAT1, TP53, CNTN6",2,35.32,0,35.31902954,reports/TCGA_PathReports_Mutations_Patients 101-200/TCGA-AX-A060
TCGA-AX-A062,53,1,,1.0,L,1,1A,1A2,0.0,Endometrioid,1,"CTNNB1, PIK3CA, CCND1",3,45.93,0,45.93116586,reports/TCGA_PathReports_Mutations_Patients 101-200/TCGA-AX-A062
TCGA-AX-A063,63,1,,1.0,L,2,1A,1A2,0.0,Endometrioid,1,"CRB1, DCHS2, LATS1, PIK3R1, PTEN, 
PPP2R1A, FGFR2, ARAF, RIT1, ATM, 
MDM4, TCF7L2, LRP6, NCOR1, PSEN2, 
CCND1ATM, KEAP1, MAX",2,66.5,0,66.49834027,reports/TCGA_PathReports_Mutations_Patients 101-200/TCGA-AX-A063
TCGA-AX-A064,81,1,,1.0,L,2,1A,1A2,0.0,Endometrioid,1,"PIK3R3, PIK3CA, PTEN, FGFR2, ERBB2, CUL1",2,34.96,0,34.95762552,reports/TCGA_PathReports_Mutations_Patients 101-200/TCGA-AX-A064
TCGA-AX-A06B,72,1,,1.0,L,3,1B,2Cmp53abn,1.0,Endometrioid,1,"TP53, PIK3CA, NF1",1,53.85,0,53.84919946,reports/TCGA_PathReports_Mutations_Patients 101-200/TCGA-AX-A06B
TCGA-AX-A06D,82,0,,1.0,L,2,3A,1A3,1.0,Endometrioid,0,,0,12.25,1,8.312292534,
TCGA-AX-A06F,59,1,,1.0,L,3,4A,4A,0.0,Endometrioid,0,,0,51.06,0,51.056532,reports/TCGA_PathReports_Mutations_Patients 101-200/TCGA-AX-A06F
TCGA-AX-A06H,60,1,,1.0,L,2,3A,1A3,1.0,Endometrioid,1,"PIK3R1, PTEN, LRP6, SMAD3, FGFR2",2,27.37,0,27.36814103,reports/TCGA_PathReports_Mutations_Patients 101-200/TCGA-AX-A06H
TCGA-AX-A06J,71,1,,1.0,L,3,1A,2C,1.0,Endometrioid,0,,0,30.0,0,29.99653393,reports/TCGA_PathReports_Mutations_Patients 101-200/TCGA-AX-A06J
TCGA-AX-A06L,63,1,,1.0,L,1,1A,1A2,0.0,Endometrioid,1,"PTEN, PIK3R1",3,60.58,0,60.58445625,reports/TCGA_PathReports_Mutations_Patients 101-200/TCGA-AX-A06L
TCGA-AX-A0IS,52,1,,1.0,L,2,1B,1B,0.0,Endometrioid,1,"FAT3, YAP1, PIK3R1, CTNNB1, ATM",3,34.99,1,14.71900022,reports/TCGA_PathReports_Mutations_Patients 101-200/TCGA-AX-A0IS
TCGA-AX-A0IU,79,1,,1.0,L,3,3C2,3C2,0.0,Papillary serous,1,"FBXW7, TP53, FBXW7, MOB1, RASA1",1,28.52,0,28.51806292,reports/TCGA_PathReports_Mutations_Patients 101-200/TCGA-AX-A0IU
TCGA-AX-A0IW,67,1,,1.0,L,3,3A,3A1,0.0,Papillary serous,1,"TP53, HRAS",1,37.72,0,37.71743806,reports/TCGA_PathReports_Mutations_Patients 101-200/TCGA-AX-A0IW
TCGA-AX-A0IZ,53,1,,1.0,L,3,1A,1A2,0.0,Endometrioid,0,,0,43.8,0,43.79559663,reports/TCGA_PathReports_Mutations_Patients 101-200/TCGA-AX-A0IZ
TCGA-AX-A0J0,47,1,,1.0,L,2,1A,IAmPOLEmut,0.0,Endometrioid,1,"NRAS, NTRK1, SOS1, FBXW7, NCOR2, SPEN, FAT4, MOB1A, DCHS2, PIK3R1, PTEN, MTOR, AMER1, CTNNB1, GSK3B, MGA, MYCL, MXI1, MLXIP , RPS6KA3, ATM, CHEK2, FBXW7, CCND1, ATM, TGFBR2, CUL3",4,40.05,0,40.05013675,reports/TCGA_PathReports_Mutations_Patients 101-200/TCGA-AX-A0J0
TCGA-AX-A0J1,80,1,,1.0,L,2,1A,1A2,0.0,Endometrioid,1,"PTPN14, FAT4, CRB1, PTEN, INPP4B, PIK3R1, NCOR2, KAT2B, SPEN, CTNNB1, GSK3B, LRP6, NF1, NTRK1, RASA1, ACVR2A, TGFBR1, ATM",2,65.84,0,65.84124204,reports/TCGA_PathReports_Mutations_Patients 101-200/TCGA-AX-A0J1
TCGA-AX-A1C4,52,1,,1.0,L,2,1A,1A2,0.0,Endometrioid,0,,0,13.27,,,reports/TCGA_PathReports_Mutations_Patients 101-200/TCGA-AX-A1C4
TCGA-AX-A1C5,47,1,,1.0,L,3,3C2,3C2,0.0,Endometrioid,1,"LRP5, CCND1",3,19.19,,,reports/TCGA_PathReports_Mutations_Patients 101-200/TCGA-AX-A1C5
TCGA-AX-A1C7,77,1,,1.0,L,3,1B,2C,1.0,Papillary serous,1,FBXW7,3,16.92,1,12.81341537,reports/TCGA_PathReports_Mutations_Patients 101-200/TCGA-AX-A1C7
TCGA-AX-A1C8,77,1,,1.0,L,3,3C1,3C1,0.0,Papillary serous,1,"FBXW7, TP53, CCNE1, PTPN11, FGFR4, NOTCH3, RNF43, PPP2R1A",1,13.54,,,reports/TCGA_PathReports_Mutations_Patients 101-200/TCGA-AX-A1C8
TCGA-AX-A1C9,73,1,,1.0,L,2,1A,2C,1.0,Endometrioid,1,"RIT1, MAP2K2, MX1",3,15.24,0,15.2446788,reports/TCGA_PathReports_Mutations_Patients 101-200/TCGA-AX-A1C9
TCGA-AX-A1CA,70,1,,1.0,L,3,1A,2C,1.0,Papillary serous,1,"FAT1, DCHS2, SFRP2, AKT2, CCNE1",3,20.27,0,20.27148021,reports/TCGA_PathReports_Mutations_Patients 101-200/TCGA-AX-A1CA
TCGA-AX-A1CC,65,1,,1.0,L,3,1B,2C,1.0,Papillary serous,1,ARAF,3,12.42,0,12.41915643,reports/TCGA_PathReports_Mutations_Patients 101-200/TCGA-AX-A1CC
TCGA-AX-A1CE,60,1,,1.0,L,3,1A,2C,1.0,Endometrioid,0,,0,20.04,,,reports/TCGA_PathReports_Mutations_Patients 101-200/TCGA-AX-A1CE
TCGA-AX-A1CF,69,1,,1.0,L,3,4B,4B,0.0,Endometrioid,1,"YAP1, FAT4, FAT1, MYC, MYCL, MNT, CNTN6, KAT2B, NOTCH4, PIK3R3, INPP4B, E2F3, CDKN1A, GSK3B",3,76.78,1,28.7480473,reports/TCGA_PathReports_Mutations_Patients 101-200/TCGA-AX-A1CF
TCGA-AX-A1CI,61,1,,1.0,L,1,1A,1A2,0.0,Endometrioid,0,,0,72.51,0,72.51078902,reports/TCGA_PathReports_Mutations_Patients 101-200/TCGA-AX-A1CI
TCGA-AX-A1CJ,59,1,,1.0,L,2,1B,2B,1.0,Endometrioid,0,,0,54.05,0,54.04632892,reports/TCGA_PathReports_Mutations_Patients 101-200/TCGA-AX-A1CJ
TCGA-AX-A1CK,58,1,,1.0,L,2,1A,1A2,0.0,Endometrioid,0,,0,67.42,1,,reports/TCGA_PathReports_Mutations_Patients 101-200/TCGA-AX-A1CK
TCGA-AX-A1CN,54,1,,1.0,L,3,2,2A,0.0,Endometrioid,0,,0,25.1,0,25.10115216,reports/TCGA_PathReports_Mutations_Patients 101-200/TCGA-AX-A1CN
TCGA-AX-A1CP,84,1,,1.0,L,3,1A,2Cmp53abn,1.0,Papillary serous,1,"PIK3CA, PIK3R2, TP53, ERBB2, MYCL",1,36.37,1,23.72124589,
TCGA-AX-A1CR,70,1,,1.0,L,3,2,2C,0.0,Endometrial Carcinoma,1,"CHEK2, DKK1, CCNE1",3,11.07,0,11.07210507,
TCGA-AX-A2H5,67,1,,1.0,L,3,3A,3A1,0.0,Papillary serous,1,"DCHS1, TAOK3, MOB1A, AXIN1, SFRP1, GSK3B, RIT1, FGFR3, PTPN11, MXD4, MYC, MYCL, MTOR, PIK3CA, NOTCH3, SPEN, TP53, CCNE1",1,71.2,,,reports/TCGA_PathReports_Mutations_Patients 101-200/TCGA-AX-A2H5
TCGA-AX-A2H8,64,1,,1.0,L,3,1A,2C,1.0,Endometrioid,1,"PIK3R2, IGFR1, CCNE1, NOTCH3",3,61.14,0,61.14298974,
TCGA-AX-A2HC,53,1,,1.0,L,3,3C2,3C2,0.0,Endometrioid,0,,0,33.38,1,,reports/TCGA_PathReports_Mutations_Patients 101-200/TCGA-AX-A2HC
TCGA-AX-A2HD,69,1,,1.0,L,3,3A,3A1,0.0,Endometrioid,1,IGF1R,3,40.48,0,40.4772506,reports/TCGA_PathReports_Mutations_Patients 101-200/TCGA-AX-A2HD
TCGA-AX-A2HF,67,1,,1.0,L,3,1B,2Cmp53abn,1.0,Papillary serous,1,"ALK, KRAS, IGF1R, SOS1, APC, LRP6, DKK3, TP53, CCND1, CCNE1, KDMA, NOTCH3, MYCN, KEAP1, PIK3CA, CRB1",1,16.07,0,16.06605158,
TCGA-AX-A2HG,56,1,,1.0,L,3,1B,2C,1.0,Endometrioid,0,,3,21.68,0,21.68424139,reports/TCGA_PathReports_Mutations_Patients 101-200/TCGA-AX-A2HG
TCGA-AX-A2HH,60,1,,1.0,L,3,1A,2C,1.0,Endometrioid,0,,3,17.71,0,17.70879714,reports/TCGA_PathReports_Mutations_Patients 101-200/TCGA-AX-A2HH
TCGA-AX-A2HJ,35,1,,1.0,L,3,1B,2C,1.0,Endometrioid,0,,0,27.3,0,27.30243121,reports/TCGA_PathReports_Mutations_Patients 101-200/TCGA-AX-A2HJ
TCGA-AX-A2HK,77,0,,1.0,L,3,3C2,3C2,0.0,Endometrioid,1,MYC,3,2.96,,,reports/TCGA_PathReports_Mutations_Patients 101-200/TCGA-AX-A2HK
TCGA-B5-A0JN,84,1,,1.0,L,3,4A,4A,0.0,Papillary serous,1,"SFRP4, AXIN2, DKK4, MYC, MLX, ERBB2, PIK3R1, TP53, CSNK1E, EP300","1,3",80.33,0,80.33025788,reports/TCGA_PathReports_Mutations_Patients 101-200/TCGA-B5-A0JN
TCGA-B5-A0JR,73,1,,1.0,L,3,1B,2C,1.0,Endometrioid,1,"SOS1, KIT, RASA1, AXIN1, AMER1, ATM, RPS6KA3, PIK3R1, PTEN, FAT3, MGA, CNTN6",3,56.87,0,56.87185129,reports/TCGA_PathReports_Mutations_Patients 101-200/TCGA-B5-A0JR
TCGA-B5-A0JS,54,1,,1.0,L,1,1A,1A1,0.0,Endometrioid,1,"PIK3CA, PTEN, INPP4B, E2F3, CDKN1A, KRAS, NOTCH4",3,46.72,0,46.71968373,reports/TCGA_PathReports_Mutations_Patients 101-200/TCGA-B5-A0JS
TCGA-B5-A0JT,63,1,,1.0,L,1,1A,1A2,0.0,Endometrioid,1,"PIK3CA, PTEN, AKT3, CTNNB1, FAT1, FGFR2, NFE2L2, CNTN6",3,43.11,0,43.10564349,reports/TCGA_PathReports_Mutations_Patients 101-200/TCGA-B5-A0JT
TCGA-B5-A0JU,57,1,,1.0,L,2,1A,1A2,0.0,Endometrioid,0,,0,48.72,0,48.72383331,reports/TCGA_PathReports_Mutations_Patients 101-200/TCGA-B5-A0JU
TCGA-B5-A0JV,63,1,,1.0,L,2,1A,1A2,0.0,Endometrioid,1,"PIK3CA, PTEN, KRAS, NRAS, FAT3, FAT4, SFRP2, CUL3, CCND1",2,40.64,1,22.93272802,reports/TCGA_PathReports_Mutations_Patients 101-200/TCGA-B5-A0JV
TCGA-B5-A0JX,62,1,,1.0,L,3,1A,2C,1.0,Endometrioid,1,"FGFR3, MXD4, KDM5A",3,44.68,0,44.68267923,reports/TCGA_PathReports_Mutations_Patients 101-200/TCGA-B5-A0JX
TCGA-B5-A0JY,50,1,,1.0,L,3,3C1,3C1,0.0,Endometrioid,1,"STK3, FAT4, FAT2, NF1, PDGFRA, RAF1, APC, TCF7, CTNNB1, EP300, CUL1, SPEN, MTOR, PTEN, INPP4B, ATM, RPS6KA3, MDM4, MGA, MLXIPL, MNT, ATM, E2F3, FBXW7, CUL3, KEAP1, SMAD2 ",4,32.95,0,32.95347593,reports/TCGA_PathReports_Mutations_Patients 101-200/TCGA-B5-A0JY
TCGA-B5-A0JZ,60,1,,1.0,L,3,3C1,3C1,0.0,Endometrioid,1,"FAT1, LATS2, STK4, SPEN, DNER, NOTCH3, PIK3R1, PTEN, EGFR, NF1",2,28.62,1,11.69634839,reports/TCGA_PathReports_Mutations_Patients 101-200/TCGA-B5-A0JZ
TCGA-B5-A0K0,48,1,,1.0,L,1,1A,1A1,0.0,Endometrioid,1,"CTNNB1, FAT4, PIK3CA",3,28.32,0,28.32093345,reports/TCGA_PathReports_Mutations_Patients 201-300/TCGA-B5-A0K0
TCGA-B5-A0K1,69,1,,1.0,L,1,1B,1B,0.0,Endometrioid,1,"FGFR2, ERBB4, RET, PTEN, PIK3R1",3,30.49,0,30.48935759,reports/TCGA_PathReports_Mutations_Patients 201-300/TCGA-B5-A0K1
TCGA-B5-A0K2,54,1,,1.0,L,1,1A,1A1,0.0,Endometrioid,1,"PTEN, PIK3CA, ALK, ERBB4, AXIN2, FAT4, MAX, NOTCH2",2,25.89,0,25.88967003,reports/TCGA_PathReports_Mutations_Patients 201-300/TCGA-B5-A0K2
TCGA-B5-A0K3,62,0,,1.0,L,3,1A,2Cmp53abn,1.0,Endometrioid,1,"PIK3CA, PIK3R1, KRAS, RIT1, ERBB3, NOTCH1, ARRDC1, NCOR2, AXIN2, TCF7L1, TP53, MDM4, STK4",1,27.24,1,7.95088851,reports/TCGA_PathReports_Mutations_Patients 201-300/TCGA-B5-A0K3
TCGA-B5-A0K4,51,1,,1.0,L,2,1B,1B,0.0,Endometrioid,1,PTEN,3,17.87,0,17.87307169,reports/TCGA_PathReports_Mutations_Patients 201-300/TCGA-B5-A0K4
TCGA-B5-A0K6,58,1,,1.0,L,1,1A,1A1,0.0,Endometrioid,1,"PIK3CA, PPP2R1A, PTEN, KRAS, RAF1, NTRK2, CTNNB1, AXIN1",2,14.0,0,13.99619217,reports/TCGA_PathReports_Mutations_Patients 201-300/TCGA-B5-A0K6
TCGA-B5-A0K7,64,1,,1.0,L,1,1A,1A1,0.0,Endometrioid,1,"PIK3CA, PTEN, CTNNB1",3,17.05,1,10.5464265,reports/TCGA_PathReports_Mutations_Patients 201-300/TCGA-B5-A0K7
TCGA-B5-A0K8,71,1,,1.0,L,3,1A,2Cmp53abn,1.0,Papillary serous,1,"SFRP1, DKK4, TAOK2, CSNK1E, PPP2R1A, PIK3CA, ERBB3, KEAP1, CDKN1A, NOTCH3",1,17.81,0,17.80736187,reports/TCGA_PathReports_Mutations_Patients 201-300/TCGA-B5-A0K8
TCGA-B5-A0K9,88,,,1.0,L,1,2,2A,0.0,Endometrioid,1,"BRAF, PDGFRA, RET, PTEN, PIK3R1, PTPN14, MGA",3,,0,,reports/TCGA_PathReports_Mutations_Patients 201-300/TCGA-B5-A0K9
TCGA-B5-A0KB,62,1,,1.0,L,3,2,2C,1.0,Endometrioid,1,"SRFP1, DKK4, TCF7L1, PIK3CA, AKT1, PTEN, FGRF1, BRAF, JAG2, SPEN, MYC, CCNE1",3,4.07,0,4.074008989,
TCGA-B5-A11E,53,1,,1.0,L,3,1B,2Cmp53abn,1.0,Endometrioid,1,"KRAS, ERRFI1, KIT, FAT1, CRB1, FAT4, FAT3, AMER1, APC, LRP6, CNTN6, KAT2B, EP300, PIK3R1, PTEN, AKT3, TP53, ATM, CHEK2, ACVR2A, ACVR2B, MAX, MYCN, MGA, FBXW7, ATM, CUL3","1,4",8.71,0,8.706551468,reports/TCGA_PathReports_Mutations_Patients 201-300/TCGA-B5-A11E
TCGA-B5-A11F,55,1,,1.0,L,2,1A,1A1,0.0,Endometrioid,1,"CTNNB1, GSK3B, PIK3CA, PIK3R1",3,185.63,1,52.89640703,reports/TCGA_PathReports_Mutations_Patients 201-300/TCGA-B5-A11F
TCGA-B5-A11G,71,1,,1.0,L,1,1A,1A1,0.0,Endometrioid,1,"DCHS2, FAT3, TAOK2, NOTCH2, NOTCH3, EP300, APC, AXIN1, PIK3CA, PPP2R1A, ERBB2, NF1, ACVR2A, ATM",2,113.25,,,reports/TCGA_PathReports_Mutations_Patients 201-300/TCGA-B5-A11G
TCGA-B5-A11H,67,1,,1.0,L,2,1A,1A1,0.0,Endometrioid,1,"PIK3CA, PIK3R1, PTEN, FAT1, FAT3, TAOK1, TGFBR2, SMAD4, TGFBR1, NOTCH4, NOTCH1, NRARP, ALK, FGFR3, MYC, MXD4, CCNE1, CDKN2A, CDKN2A",2,88.28,0,88.28114639,reports/TCGA_PathReports_Mutations_Patients 201-300/TCGA-B5-A11H
TCGA-B5-A11I,65,1,,1.0,L,3,4A,4A,0.0,Endometrioid,1,"TP53, E2F3, CDKN1A, LRP6, PPIK3CA, MYC, STK3, NOTCH4",1,75.66,1,22.96558293,reports/TCGA_PathReports_Mutations_Patients 201-300/TCGA-B5-A11I
TCGA-B5-A11J,64,1,,1.0,L,2,1A,2Cmp53abn,1.0,Endometrioid,1,"KRAS, PDGFRA, IGF1R, TP53, CHEK2, NCOR2, NOTCH3, PTEN, LATS2","1,2",54.41,0,54.40773295,reports/TCGA_PathReports_Mutations_Patients 201-300/TCGA-B5-A11J
TCGA-B5-A11L,71,1,,1.0,L,2,1A,1A2,0.0,Endometrioid,0,,3,45.87,0,45.86545604,reports/TCGA_PathReports_Mutations_Patients 201-300/TCGA-B5-A11L
TCGA-B5-A11M,43,1,,1.0,L,1,1A,1A2,0.0,Endometrioid,1,"PIK3CA, PTEN, LRP6, DCHS2, KRAS",3,44.72,0,44.71553414,reports/TCGA_PathReports_Mutations_Patients 201-300/TCGA-B5-A11M
TCGA-B5-A11N,69,1,,1.0,L,1,1A,2Cmp53abn,1.0,Endometrioid,1,"KRAS, NF1, RASA1, MET, PTEN, PIK3R1, PIK3R3, CRB1, FAT4, DCHS1, FBXW7, SPEN,  CREBBP, TCF7L1, APC, RNF43, TP53, SMAD2, MGA","1,4",43.93,0,43.92701627,reports/TCGA_PathReports_Mutations_Patients 201-300/TCGA-B5-A11N
TCGA-B5-A11O,62,1,,1.0,L,1,1A,1A2,0.0,Endometrioid,1,"PIK3CA, PTEN, TLE1, KRAS, MAX",3,40.9,0,40.90436444,reports/TCGA_PathReports_Mutations_Patients 201-300/TCGA-B5-A11O
TCGA-B5-A11P,87,1,,1.0,L,3,1A,2C,1.0,Endometrioid,1,"CRB1, PTPN14, RIT1, NTRK1, MDM4, AKT3, PSEN2",3,36.8,0,36.79750054,reports/TCGA_PathReports_Mutations_Patients 201-300/TCGA-B5-A11P
TCGA-B5-A11Q,64,1,,1.0,L,1,3A,1A3,1.0,Endometrioid,1,"CCNDQ, ATM, FAT3, YAP1, ATM, PTEN, CBL",3,32.03,0,32.03353842,reports/TCGA_PathReports_Mutations_Patients 201-300/TCGA-B5-A11Q
TCGA-B5-A11R,51,1,,1.0,L,3,2,2C,0.0,Endometrioid,1,"FAT1, STK3, SAV1, PTEN, PIK3CA, PIK3R1, NTRK1, MET, ERBB3, PSEN2, DNER, APC, NFE2L2",3,33.48,0,33.47915451,reports/TCGA_PathReports_Mutations_Patients 201-300/TCGA-B5-A11R
TCGA-B5-A11S,63,1,,1.0,L,2,1A,1A2,0.0,Endometrioid,1,"PIK3CA, PTEN",3,27.3,1,1.314196448,reports/TCGA_PathReports_Mutations_Patients 201-300/TCGA-B5-A11S
TCGA-B5-A11U,74,1,,1.0,L,3,4B,4B,0.0,Endometrioid,1,"ATM, E2F3, STK3, FAT3, SPEN, NOTCH3, ATM, CTNNB1",2,16.72,0,16.7231498,reports/TCGA_PathReports_Mutations_Patients 201-300/TCGA-B5-A11U
TCGA-B5-A11V,64,1,,1.0,L,1,1A,1A2,0.0,Endometrioid,1,"PTEN, PIK3R1, CTNNB1, ERBB3",3,19.52,0,19.51581725,reports/TCGA_PathReports_Mutations_Patients 201-300/TCGA-B5-A11V
TCGA-B5-A11W,61,1,,1.0,L,2,1B,1B,0.0,Endometrioid,1,"RHEB, PIK3R1, PTEN, KRAS, NF1, DCHS2, DNER",3,19.45,0,19.45010743,reports/TCGA_PathReports_Mutations_Patients 201-300/TCGA-B5-A11W
TCGA-B5-A11X,66,1,,1.0,L,3,3B2,3B2,0.0,Endometrioid,1,"PIK3CA, PTEN, CTNNB1",3,19.55,1,13.01054484,reports/TCGA_PathReports_Mutations_Patients 201-300/TCGA-B5-A11X
TCGA-B5-A11Y,59,1,,1.0,L,1,1A,1A2,0.0,Endometrioid,1,"PTPN14, FAT1, WWC1, FGFR2, ERRFI1, FGFR4, NOTCH1, CREBBP, PIK3CA, PTEN, MGA, MLX, TCF7, NFE2L2",3,18.37,0,18.36589536,reports/TCGA_PathReports_Mutations_Patients 201-300/TCGA-B5-A11Y
TCGA-B5-A11Z,61,1,,1.0,L,1,1A,1A1,0.0,Endometrioid,1,"PTEN, PIK3R1, CTNNB1",3,17.35,0,17.34739311,reports/TCGA_PathReports_Mutations_Patients 201-300/TCGA-B5-A11Z
TCGA-B5-A121,57,1,,1.0,L,1,1B,1B,0.0,Endometrioid,1,"CTNNB1, FGFR2",3,16.56,0,16.55887524,reports/TCGA_PathReports_Mutations_Patients 201-300/TCGA-B5-A121
TCGA-B5-A1MR,65,1,,1.0,L,3,3A,3A1,0.0,Endometrioid,0,,0,191.71,0,191.7084069,reports/TCGA_PathReports_Mutations_Patients 201-300/TCGA-B5-A1MR
TCGA-B5-A1MU,79,0,,1.0,L,3,4B,4B,0.0,Papillary serous,1,"TP53, PIK3CA, MYC, CBL",1,50.83,1,44.84695379,reports/TCGA_PathReports_Mutations_Patients 201-300/TCGA-B5-A1MU
TCGA-B5-A1MV,84,1,,1.0,L,2,1A,1A2,0.0,Endometrioid,0,,0,14.39,0,14.39045111,reports/TCGA_PathReports_Mutations_Patients 201-300/TCGA-B5-A1MV
TCGA-B5-A1MW,55,1,,1.0,L,3,1A,2C,1.0,Endometrioid,0,,0,14.69,1,10.21787738,reports/TCGA_PathReports_Mutations_Patients 201-300/TCGA-B5-A1MW
TCGA-B5-A1MX,47,1,,1.0,L,3,1B,2C,1.0,Endometrioid,0,,0,11.66,0,11.66349348,reports/TCGA_PathReports_Mutations_Patients 201-300/TCGA-B5-A1MX
TCGA-B5-A1MY,62,0,,1.0,L,3,3A,3A1,0.0,Papillary serous,1,"SMAD3, FGFR1",1,11.86,1,10.94068543,reports/TCGA_PathReports_Mutations_Patients 201-300/TCGA-B5-A1MY
TCGA-B5-A1MZ,54,1,,1.0,L,1,1A,1A2,0.0,Endometrioid,1,"CRB1, PTPN14, RIT1, NTRK1, MDM4, AKT3, PSEN2",3,15.28,0,15.27753371,reports/TCGA_PathReports_Mutations_Patients 201-300/TCGA-B5-A1MZ
TCGA-B5-A1N2,70,1,,1.0,L,3,3C1,3C1,0.0,Papillary serous,1,LATS2,3,12.78,,,reports/TCGA_PathReports_Mutations_Patients 201-300/TCGA-B5-A1N2
TCGA-BG-A0LW,47,1,,1.0,L,2,1B,1B,0.0,Endometrioid,1,CTNNB1,3,18.56,0,18.56302483,reports/TCGA_PathReports_Mutations_Patients 201-300/TCGA-BG-A0LW
TCGA-BG-A0LX,57,1,,1.0,L,2,1B,2B,1.0,Endometrioid,1,"PIK3R1, PTEN, EP300, NCOR1, RNF43, RPS6KA3, TAOK3, FGFR2",2,20.14,0,20.14006057,reports/TCGA_PathReports_Mutations_Patients 201-300/TCGA-BG-A0LX
TCGA-BG-A0M0,66,1,,1.0,L,1,1B,1B,0.0,Endometrioid,1,"CTNNB1, MTOR",2,19.29,0,19.28583287,reports/TCGA_PathReports_Mutations_Patients 201-300/TCGA-BG-A0M0
TCGA-BG-A0M2,62,1,,1.0,L,2,1B,1B,0.0,Endometrioid,1,"RNF43, TLE4, TLE1, TGFBR1, CRB1, PTEN, NTRK2",3,20.9,0,20.89572352,reports/TCGA_PathReports_Mutations_Patients 201-300/TCGA-BG-A0M2
TCGA-BG-A0M3,74,1,,1.0,L,2,1B,1B,0.0,Endometrioid,1,"PTEN, PIK3R1, CTNNB1",3,35.19,0,35.1876099,reports/TCGA_PathReports_Mutations_Patients 201-300/TCGA-BG-A0M3
TCGA-BG-A0M4,60,1,,1.0,L,3,1B,2C,1.0,Endometrioid,1,"PTEN, MTOR, PIK3CA, FAT4, NFE2L2, ATM",2,34.96,0,34.95762552,reports/TCGA_PathReports_Mutations_Patients 201-300/TCGA-BG-A0M4
TCGA-BG-A0M6,73,0,,1.0,L,3,3C2,3C2,0.0,Papillary serous,1,"KRAS, ERBB2, ARAF, LRP6, AXIN2, TP53, RPS6KA3, PIK3CA, PPP2R1A",1,22.05,0,22.04564542,reports/TCGA_PathReports_Mutations_Patients 201-300/TCGA-BG-A0M6
TCGA-BG-A0M7,60,1,,1.0,L,2,3C1,3C1,0.0,Endometrioid,1,"PTEN, PIK3CA, TP53, FGFR2",1,38.34,0,38.34168137,reports/TCGA_PathReports_Mutations_Patients 201-300/TCGA-BG-A0M7
TCGA-BG-A0M8,50,1,,1.0,L,3,1A,2Cmp53abn,1.0,Endometrioid,1,"PIK3R1, PIK3CA, AKT1, KRAS, ALK, IGF1R, MYC, MYCN, TP53, CCND1, FAT3, JAG2",1,36.47,0,36.46895143,
TCGA-BG-A0M9,73,1,,1.0,L,2,1B,2B,1.0,Endometrioid,1,"PTEN, PIK3CA, PIK3R1, KRAS",3,28.26,0,28.25522363,reports/TCGA_PathReports_Mutations_Patients 201-300/TCGA-BG-A0M9
TCGA-BG-A0MA,60,0,,1.0,L,3,1B,2C,1.0,Endometrioid,0,,0,10.71,1,2.792667452,reports/TCGA_PathReports_Mutations_Patients 201-300/TCGA-BG-A0MA
TCGA-BG-A0MC,74,1,,1.0,L,1,1A,1A1,0.0,Endometrioid,1,"PIK3CA, MTOR, PTEN, KRAS, HRAS, CBL, ATM, YAP1, TLE1, ATM",3,41.5,0,41.49575285,reports/TCGA_PathReports_Mutations_Patients 201-300/TCGA-BG-A0MC
TCGA-BG-A0MG,73,1,,1.0,L,1,1B,1B,0.0,Endometrioid,1,"FAT4, FAT1, PTEN, PIK3R1, CTNNB1, EP300",3,48.53,0,48.52670384,reports/TCGA_PathReports_Mutations_Patients 201-300/TCGA-BG-A0MG
TCGA-BG-A0MH,61,1,,1.0,L,2,1B,1B,0.0,Endometrioid,0,,0,44.06,,,
TCGA-BG-A0MI,83,0,,1.0,L,2,1A,1A2,0.0,Endometrioid,1,"PTEN, PIK3R1, CTNNB1",3,23.46,0,23.4584066,reports/TCGA_PathReports_Mutations_Patients 201-300/TCGA-BG-A0MI
TCGA-BG-A0MO,63,1,,1.0,L,1,1B,1B,0.0,Endometrioid,1,"CTNNB1, MTOR",3,42.97,,,reports/TCGA_PathReports_Mutations_Patients 201-300/TCGA-BG-A0MO
TCGA-BG-A0MQ,71,1,,1.0,L,1,1A,1A2,0.0,Endometrioid,1,"PTPN14, FAT4, FAT2, PIK3CA, PTEN, SFRP2, FGFR2, MYCN, CCND1",2,39.29,0,39.2944738,reports/TCGA_PathReports_Mutations_Patients 201-300/TCGA-BG-A0MQ
TCGA-BG-A0MS,53,1,,1.0,L,3,3C1,3C1,0.0,Endometrioid,1,"PIK3R1, PTEN, FGFR2",3,30.79,0,30.78505179,
TCGA-BG-A0MT,64,1,,1.0,L,2,1A,1A2,0.0,Endometrioid,1,"PIK3CA, PTEN, ATM",3,21.16,1,18.56302483,reports/TCGA_PathReports_Mutations_Patients 201-300/TCGA-BG-A0MT
TCGA-BG-A0MU,78,1,,1.0,L,1,3A,1A3,1.0,Endometrioid,1,"LATS2, CRB1, PTPN14, PTEN, PIK3R1, AKT3, RIT1, NTRK1, EP300, PSEN2, CTNNB1, MDM4, CCND1",3,7.59,0,7.589484487,reports/TCGA_PathReports_Mutations_Patients 201-300/TCGA-BG-A0MU
TCGA-BG-A0RY,68,1,,1.0,L,2,1B,IB,0.0,Endometrioid,1,"PIK3CA, PTEN, SOS1, FGFR2, EP300",3,15.41,0,15.40895335,reports/TCGA_PathReports_Mutations_Patients 201-300/TCGA-BG-A0RY
TCGA-BG-A0VT,56,1,,1.0,L,2,3A,3A1,0.0,Endometrioid,1,"CTNNB1, CREBBP",3,7.36,0,7.359500109,reports/TCGA_PathReports_Mutations_Patients 201-300/TCGA-BG-A0VT
TCGA-BG-A0VV,53,Alive,,1.0,L,1,1A,1A2,0.0,Endometrioid,1,"CSNK1D, CRB1, PTPN14, FGFR2, RIT1, NTRK1, PIK3R1, AKT3, MDM4, PSEN2",3,8.54,0,8.542276912,reports/TCGA_PathReports_Mutations_Patients 201-300/TCGA-BG-A0VV
TCGA-BG-A0VW,77,Alive,,1.0,L,1,1B,1B,0.0,Endometrioid,1,"MLH1, PTEN, PIK3R2, PPP2R1A, SFRP2, APC, KRAS, RASA1, FAT3",2,4.3,0,4.303993367,reports/TCGA_PathReports_Mutations_Patients 201-300/TCGA-BG-A0VW
TCGA-BG-A0VX,58,1,,,,1,,,,Endometrioid,Copy-number low (Endometriod),,5,16.1,0,16.09890649,reports/TCGA_PathReports_Mutations_Patients 201-300/TCGA-BG-A0VX
TCGA-BG-A0VZ,58,1,,,,2,,,,Endometrioid,MSI (Hyper-mutated),,2,28.52,,,reports/TCGA_PathReports_Mutations_Patients 201-300/TCGA-BG-A0VZ
TCGA-BG-A0W1,89,Alive,,1.0,L,2,1A,1A2,0.0,Endometrioid,1,"PIK3CA, PIK3R1, PTEN",3,29.8,0,29.79940446,reports/TCGA_PathReports_Mutations_Patients 201-300/TCGA-BG-A0W1
TCGA-BG-A0W2,57,Alive,,1.0,L,1,1A,1A1,0.0,Endometrioid,1,"PIK3CA, PTEN, CTNNB1",3,37.82,0,37.81600279,reports/TCGA_PathReports_Mutations_Patients 201-300/TCGA-BG-A0W2
TCGA-BG-A0YU,37,Alive,,1.0,L,1,1A,1A2,0.0,Endometrioid,1,"SFRP1, DKK4, ERBB3, FGFR1, STK3, AKT1, MYC",3,14.82,0,14.81756495,reports/TCGA_PathReports_Mutations_Patients 201-300/TCGA-BG-A0YU
TCGA-BG-A0YV,67,Alive,,1.0,L,3,3A,3A1,0.0,Papillary serous,1,"TP53, CDKN2A, CDKN1A, PTEN, PIK3CA, PIK3R2, NTRK1, RIT1, RAC1, SFRP4, GSK3B, FAT4, STK4, KEAP1",1,12.55,0,12.55057608,reports/TCGA_PathReports_Mutations_Patients 201-300/TCGA-BG-A0YV
TCGA-BG-A186,61,1,,,,2,,,,Endometrioid,Copy-number low (Endometriod),,5,13.77,0,13.76620779,reports/TCGA_PathReports_Mutations_Patients 201-300/TCGA-BG-A186
TCGA-BG-A187,65,Alive,,1.0,L,2,1B,1B,0.0,Endometrioid,1,"KRAS, NTRK2, NF1, PIK3CA, PTEN, CTNNB1",3,14.72,0,14.71900022,reports/TCGA_PathReports_Mutations_Patients 201-300/TCGA-BG-A187
TCGA-BG-A18A,74,Alive,,1.0,L,1,1A,1A2,0.0,Endometrioid,1,"PIK3CA, PTEN",3,14.0,0,13.99619217,reports/TCGA_PathReports_Mutations_Patients 201-300/TCGA-BG-A18A
TCGA-BG-A18B,53,Alive,,1.0,L,2,1A,1A2,0.0,Endometrioid,1,"MLH1, PTEN, PIK3R1, PIK3CA, KRAS, ERBB3, AXIN2, CREBBP",2,15.44,0,15.44180826,reports/TCGA_PathReports_Mutations_Patients 201-300/TCGA-BG-A18B
TCGA-BG-A18C,72,Alive,,1.0,L,2,1A,2Cmp53abn,1.0,Endometrioid,1,"ERBB4, TP53, PIK3CA",1,15.44,0,15.44180826,reports/TCGA_PathReports_Mutations_Patients 201-300/TCGA-BG-A18C
TCGA-BG-A220,69,Alive,,1.0,L,3,1A,1A1,0.0,Endometrioid,0,,0,14.26,0,14.25903146,
TCGA-BG-A221,84,Alive,,1.0,L,3,1B,2C,1.0,Endometrioid and clear cell,1,"STK3, MYC, MSI-H",2,1.81,0,1.807020116,
TCGA-BG-A222,49,Alive,,1.0,L,3,1B,2C,1.0,Endometrioid,1,MSI-H,2,9.56,0,9.560779159,reports/TCGA_PathReports_Mutations_Patients 201-300/TCGA-BG-A222
TCGA-BG-A2AD,63,Alive,,1.0,L,3,4A,4A,0.0,Endometrioid,1,MSI-H,2,0.0,unk,unk,reports/TCGA_PathReports_Mutations_Patients 201-300/TCGA-BG-A2AD
TCGA-BG-A2AE,57,Alive,,1.0,L,3,3C1,3C1,0.0,"Endometrioid, clear cell, serous",1,"ATM, PIK3CA, KRAS, MYC",3,0.53,0,,reports/TCGA_PathReports_Mutations_Patients 201-300/TCGA-BG-A2AE
TCGA-BK-A0C9,57,Alive,,1.0,L,1,1A,1A2,0.0,Endometrioid,1,"NOTCH4, FBXW7, NOTCH2, EP300, PIK3CA, PTEN, MTOR, RIT1, RASA1, NF1, SMAD3, SMAD2, NFE2L2, TLE4, FBXW7",2,12.68,1,,reports/TCGA_PathReports_Mutations_Patients 201-300/TCGA-BK-A0C9
TCGA-BK-A0CA,61,Alive,,1.0,L,3,3C2,3C2,0.0,Endometrioid and serous,1,"PIK3CA, PTEN, FAT2, CBL, FBXW7",3,12.19,0,12.18917206,reports/TCGA_PathReports_Mutations_Patients 201-300/TCGA-BK-A0CA
TCGA-BK-A0CB,60,Alive,,1.0,L,2,3C2,3C2,0.0,Endometrioid,1,"PIK3CA, PTEN, CTNNB1, CDKN2A, FAT2",3,6.18,0,6.176723306,reports/TCGA_PathReports_Mutations_Patients 201-300/TCGA-BK-A0CB
TCGA-BK-A0CC,69,Alive,,1.0,L,3,3C1,3C1,0.0,Papillary serous,1,"FAT4, FAT1, TAOK2, TP53, CCNE1, PPP2R1A, EGFR",1,10.22,0,10.21787738,reports/TCGA_PathReports_Mutations_Patients 201-300/TCGA-BK-A0CC
TCGA-BK-A139,74,1,,,,3,,,,Endometrioid,Copy-number high (Serous-like),,1,10.15,0,10.15216756,reports/TCGA_PathReports_Mutations_Patients 201-300/TCGA-BK-A139
TCGA-BK-A13C,47,Alive,,1.0,L,2,1A,1A2,0.0,Endometrioid,1,"PTEN, FBXW7",3,13.54,0,13.53622341,reports/TCGA_PathReports_Mutations_Patients 201-300/TCGA-BK-A13C
TCGA-BK-A26L,71,Alive,,1.0,L,3,3C1,3C1,0.0,Papillary serous,1,"RIT1, NTRK1, RAC1, ARAF, ERBB2, SFRP1, DKK4",3,11.93,0,11.92633277,reports/TCGA_PathReports_Mutations_Patients 201-300/TCGA-BK-A26L
TCGA-BS-A0T9,39,Deceased,,1.0,L,3,4B,4B,0.0,Endometrioid,1,"CTNNB1, PIK3R1, MAX",3,46.92,1,20.79715879,reports/TCGA_PathReports_Mutations_Patients 301-400/TCGA-BS-A0T9
TCGA-BS-A0TA,58,Alive,,1.0,L,3,4A,4A,0.0,Endometrioid,1,"MLH1, PTEN, PIK3R1, DCHS1, KEAP1, MGA, EP300, CCND1",2,23.46,1,12.94483501,reports/TCGA_PathReports_Mutations_Patients 401-500/TCGA-BS-A0TA
TCGA-BS-A0TC,69,Alive,,1.0,L,1,1A,IAmPOLEmut,0.0,Endometrioid,1,"POLE, KRAS, ERBB4, RASA1, ROS1, FLT3, IGF1R, PIK3R1, PIK3CA, INPP4B, PTEN, MTOR, GSK3B, AXIN2, TLE2, AMER1, FAT4, DCHS2, FAT1, DCHS1, FBXW7, DNER, CREBBP, ATM, RPS6KA3, FBXW7, MGA",4,74.25,0,74.25209931,reports/TCGA_PathReports_Mutations_Patients 301-400/TCGA-BS-A0TC
TCGA-BS-A0TD,65,Alive,,1.0,L,1,1A,1A2,0.0,Endometrioid,1,"PTEN, PIK3R1, NRAS, RASA1, DCHS2",3,65.78,0,65.77553222,reports/TCGA_PathReports_Mutations_Patients 301-400/TCGA-BS-A0TD
TCGA-BS-A0TE,35,Deceased,,1.0,L,3,4B,4B,0.0,Endometrioid,1,"MLH1, MYC, MGA, LRP5, FAT3, PTEN, KEAP1",2,4.8,1,1.90558485,reports/TCGA_PathReports_Mutations_Patients 501-529/TCGA-BS-A0TE
TCGA-BS-A0TG,60,Alive,,1.0,L,2,1B,2B,1.0,Endometrioid,1,"CTNNB1, SMAD2, PIK3CA, KRAS",3,61.77,1,,reports/TCGA_PathReports_Mutations_Patients 401-500/TCGA-BS-A0TG
TCGA-BS-A0TI,64,Alive,,1.0,L,3,1B,2Cmp53abn,1.0,Endometrioid,1,"PDGFRA, KIT, ALK, RAC1, BRAF, KDM5A, CUL1, TP53, PTEN, MYCN",1,47.41,0,47.40963686,reports/TCGA_PathReports_Mutations_Patients 401-500/TCGA-BS-A0TI
TCGA-BS-A0TJ,59,Alive,,1.0,L,3,1B,2C,1.0,Endometrioid,1,"MLH1, PIK3CA, PTEN, KRAS, KIT, TCF7L1, CCND1 ",2,49.74,0,49.74233556,reports/TCGA_PathReports_Mutations_Patients 301-400/TCGA-BS-A0TJ
TCGA-BS-A0U5,76,Alive,,1.0,L,1,1A,1A1,0.0,Endometrioid,1,"DCHS1, PIK3R1, CCND1, ARID1",3,72.41,0,72.41222428,reports/TCGA_PathReports_Mutations_Patients 301-400/TCGA-BS-A0U5
TCGA-BS-A0U7,63,Deceased,,1.0,L,2,1B,1B,0.0,Endometrioid,1,"MLH1, PTEN, PIK3R2, AKT3, CRB1, PTPN14, RIT1, NTRK1, MDM4, NFE2L2, PSEN2",2,30.69,0,30.68648706,reports/TCGA_PathReports_Mutations_Patients 401-500/TCGA-BS-A0U7
TCGA-BS-A0U8,55,Alive,,1.0,L,1,3A,3B1,0.0,Endometrioid,1,"MLH1, APC, TCF7L2, AXIN1, RNF43, CRB1, DCHS2, FAT1, KRAS, RIT1, ERBB2, FBXW7, NOTCH1, PTEN, FBXW7",2,85.62,0,85.61989859,reports/TCGA_PathReports_Mutations_Patients 301-400/TCGA-BS-A0U8
TCGA-BS-A0U9,59,Alive,,1.0,L,3,2,2Cmp53abn,0.0,Endometrioid,1,"SFRP1, DKK4, PIK3R3, PIK3R1, TP53, FGFR1",1,57.46,0,57.46323969,reports/TCGA_PathReports_Mutations_Patients 401-500/TCGA-BS-A0U9
TCGA-BS-A0UA,68,Alive,,0.0,,1,1A,1A2,0.0,Endometrioid,1,"MLH1, PTPN14, FAT4, CSNK1E, PIK3R1, PTEN, MAP2K1",2,83.45,1,17.05169891,reports/TCGA_PathReports_Mutations_Patients 301-400/TCGA-BS-A0UA
TCGA-BS-A0UF,65,Alive,,1.0,L,3,1A,2Cmp53abn,1.0,Endometrioid,1,"POLE, KIT, PDGFRA, ARAF, FLT3, ROS1, RASA1, FGFR3, FGFR4, BRAF, NTRK2, RET, ERBB3, PTPN11, FAT3, LATS1, NF2, FAT4, DCHS2, FAT1, WWC1, DCHS1, PSEN2, CNTN6, SPEN, DNER, CUL1, CREBBP, NCOR1, EP300, APC, TCF7L1, GSK3B, SFRP5, LRP6, AMER1, MTOR, PTEN, INPP4B, PIK3CA, RPTOR, TP53, CHEK2, ATM, RPS6KA3, ACVR2A, TGFBR2, ACVR2B, SMAD4, MLXIPL, MGA","1,4",60.55,0,60.55160134,reports/TCGA_PathReports_Mutations_Patients 401-500/TCGA-BS-A0UF
TCGA-BS-A0UJ,68,Alive,,0.0,,1,1A,1A1,0.0,Endometrioid,1,"MSH1, FAT1, FAT4, FAT2, FAT3, TEAD2, NRAS, ERBB3, RASA1, CBL, PTPN11, CTNNB1, APC, TCF7L2, TLE3, PIK3CA, PTEN, RPTOR, PPP2R1A, PSEN2, CUL1, NCOR1, EP300, ATM, MDM2, MYC",2,0.89,0,0.887082602,reports/TCGA_PathReports_Mutations_Patients 401-500/TCGA-BS-A0UJ
TCGA-BS-A0UL,54,Alive,,1.0,L,1,1A,1A1,0.0,Endometrioid,1,"MSH1, DCHS1, WWC1, FAT3, KRAS, MET, AXIN2, RPS6KA3, PIK3CA",2,1.18,0,1.182776803,reports/TCGA_PathReports_Mutations_Patients 401-500/TCGA-BS-A0UL
TCGA-BS-A0UM,64,Alive,,1.0,L,1,1A,1A2,0.0,Endometrioid,1,"PIK3CA, PPP2R1A, INPP4B, PTEN, ATM, NCOR2",3,71.99,1,47.77104088,reports/TCGA_PathReports_Mutations_Patients 401-500/TCGA-BS-A0UM
TCGA-BS-A0UT,62,Alive,,1.0,L,2,2,2A,0.0,Endometrioid,1,"CTNNB1, PIK3CA",3,19.55,0,19.54867216,reports/TCGA_PathReports_Mutations_Patients 501-529/TCGA-BS-A0UT
TCGA-BS-A0UV,55,Alive,,1.0,L,3,3C1,3C1,0.0,Endometrioid,1,"POLE, FLT3, FGFR2, ERRFI1, NRAS, RIT1, ALK, ERBB4, RAF1, FGFR3, PDGFRA, KIT, ROS1, EGFR, MET, FGFR1, ERBB3, MAP2K1, NF1, ERBB2, FAT2, FAT1, FAT4, TAOK1, LATS1, DCHS2, STK3, DCHS1, FAT3, LATS2, TAOK2, NF2, PIK3CA, MTOR, PTEN, PIK3R1, PIK3R3, INPP4B, RICTOR, TSC1, PIK3R2, SPEN, CREBBP, PSEN2, DNER, CNTN6, ARRDC1, NCOR2, NCOR1, NOTCH3, TCF7L2, APC, GSK3B, SFRP4, LRP5, LRP6, WIF1, TP53, ATM, MDM2, CHEK2, RPS6KA3, MGA, MYCL, MXD1, MLXIPL, MYC, CCNE1, SMAD2, SMAD4, CUL3","1,4",4.9,0,4.895381769,reports/TCGA_PathReports_Mutations_Patients 401-500/TCGA-BS-A0UV
TCGA-BS-A0V4,56,Alive,,1.0,L,1,1A,1A2,0.0,Endometrioid,0,,0,1.02,0,1.018502247,reports/TCGA_PathReports_Mutations_Patients 401-500/TCGA-BS-A0V4
TCGA-BS-A0V6,55,Alive,,1.0,L,1,1A,1A2,0.0,Endometrioid,1,"PIK3CA, PTEN",3,54.21,0,54.21060348,reports/TCGA_PathReports_Mutations_Patients 301-400/TCGA-BS-A0V6
TCGA-BS-A0V7,48,Alive,,1.0,L,1,1A,1A2,0.0,Endometrioid,1,"PIK3CA, PTEN, CTNNB1, KRAS",3,46.95,0,46.9496681,reports/TCGA_PathReports_Mutations_Patients 501-529/TCGA-BS-A0V7
TCGA-BS-A0V8,68,Alive,,1.0,L,2,2,2Cmp53abn,0.0,Endometrioid,1,"CTNNB1, SFRP1, DKK4, FGFR1, CBL, PTEN, TP53, NCOR1, MYCN",1,49.51,0,49.51235118,
TCGA-BS-A0VI,58,Alive,,1.0,L,3,2,2C,0.0,Endometrioid,1,MLH1,2,54.57,0,54.5720075,reports/TCGA_PathReports_Mutations_Patients 301-400/TCGA-BS-A0VI
TCGA-BS-A0WQ,55,Alive,,1.0,L,2,1A,1A1,0.0,Endometrioid,1,"PIK3CA, PTEN, CTNNB1",3,39.66,0,39.65587782,reports/TCGA_PathReports_Mutations_Patients 301-400/TCGA-BS-A0WQ
TCGA-D1-A0ZN,60,Alive,,0.0,,1,1A,1A1,0.0,Endometrioid,1,"PIK3R1, PTEN, CTNNB1, BCOR, TAF1, SNCAIP, SETD2",3,16.82,1,14.71900022,reports/TCGA_PathReports_Mutations_Patients 301-400/TCGA-D1-A0ZN
TCGA-D1-A0ZO,75,Alive,,1.0,L,1,1A,1A2,0.0,Endometrioid,1,"MLH1, SPEN, DNER, KDM5A, JAG2, CREBBP, PIK3CA, MTOR, PTEN, NTRK2, CBL, FAT1, ACVR2B, CCND1",2,19.78,0,19.77865654,reports/TCGA_PathReports_Mutations_Patients 401-500/TCGA-D1-A0ZO
TCGA-D1-A0ZP,59,Alive,,1.0,L,3,3A,3A2,0.0,Papillary serous,1,"FAT2, STK4, MOB1A, RNF43, AXIN2, TCF7L1, ALK, SOS1, MYCN, MXD1, PIK3CA, KEAP1, FBXW7",3,29.93,1,20.66573914,reports/TCGA_PathReports_Mutations_Patients 401-500/TCGA-D1-A0ZP
TCGA-D1-A0ZQ,90,Alive,,1.0,L,2,1B,1B,0.0,Endometrioid,1,"CTNNB1, FAT1, PIK3R1",3,8.54,0,8.542276912,reports/TCGA_PathReports_Mutations_Patients 301-400/TCGA-D1-A0ZQ
TCGA-D1-A0ZR,57,Alive,,1.0,L,2,1A,1A2,0.0,Endometrioid,1,"FAT2, PTEN, EP300",3,0.56,0,0.55853349,reports/TCGA_PathReports_Mutations_Patients 301-400/TCGA-D1-A0ZR
TCGA-D1-A0ZS,54,Alive,,1.0,L,3,1A,2C,1.0,Endometrioid,1,"PIK3R1, PTEN, KRAS, FGFR4, LRP6, MLH1",2,4.83,0,4.829671946,reports/TCGA_PathReports_Mutations_Patients 401-500/TCGA-D1-A0ZS
TCGA-D1-A0ZU,34,1,,,,2,,,,Endometrioid,Copy-number low (Endometriod),,5,28.65,0,28.64948257,reports/TCGA_PathReports_Mutations_Patients 301-400/TCGA-D1-A0ZU
TCGA-D1-A0ZV,58,Alive,,1.0,L,2,1A,1A2,0.0,Endometrioid,1,"PIK3CA, PTEN, TSC2, TLE",3,23.92,0,23.91837535,reports/TCGA_PathReports_Mutations_Patients 401-500/TCGA-D1-A0ZV
TCGA-D1-A0ZZ,80,Alive,,1.0,L,3,1A,2Cmp53abn,1.0,Endometrioid and serous,1,"ERBB4, FGFR3, TP53, MYC",1,22.51,0,22.50561417,reports/TCGA_PathReports_Mutations_Patients 301-400/TCGA-D1-A0ZZ
TCGA-D1-A101,60,Alive,,0.0,,2,1A,1A2,0.0,Endometrioid,1,"DCHS2, FAT1, FAT2, PIK3R1, PTEN, FBXW7, NCOR1, KRAS, FBXW7",2,1.74,0,1.741310294,reports/TCGA_PathReports_Mutations_Patients 301-400/TCGA-D1-A101
TCGA-D1-A102,49,Alive,,1.0,L,2,1A,1A2,0.0,Endometrioid,1,"PTEN, PIK3CA, PPP2R1A, CTNNB1",3,4.44,0,4.435413012,reports/TCGA_PathReports_Mutations_Patients 301-400/TCGA-D1-A102
TCGA-D1-A103,87,Alive,,0.0,,1,1A,IAmPOLEmut,0.0,Endometrioid,1,"MLH1, FBXW7, NCOR2, ARRDC1, CREBBP, SPEN, NOTCH2, CNTN6, CUL1, NOTCH1, KDM5A, NCOR1, NOTCH3, FAT1, FAT3, FAT2, CRB1, MOB1B, FAT4, DCHS2, WWC1, DCHS1, LATS2, STK4, RAF1, NTRK1, ALK, KIT, ROS1, CBL, ERBB3, NF1, ARAF, TLE1, CTNNB1, DKK2, APC, DKK4, LRP5, LRP6, AMER1, PIK3R1, PTEN, PIK3CA, RICTOR, TSC2, FBXW7, E2F3, MDM2, MDM2, RPS6KA3, KEAP1, CUL3, MYC, MXI1, ACVR2B, POLE","2,4",21.98,0,21.97993559,reports/TCGA_PathReports_Mutations_Patients 301-400/TCGA-D1-A103
TCGA-D1-A15V,68,Alive,,1.0,L,3,1A,2Cmp53abn,1.0,Papillary serous,1,"TP53, MGA, PIK3CA, PIK3R2, PPP2R1A, MET",1,39.46,0,39.45874835,reports/TCGA_PathReports_Mutations_Patients 301-400/TCGA-D1-A15V
TCGA-D1-A15W,58,Alive,,1.0,L,1,3C1,3C1,0.0,Endometrioid,1,"PTEN, PIK3R1, KRAS, EGFR, MYNC",3,30.06,0,30.06224375,reports/TCGA_PathReports_Mutations_Patients 301-400/TCGA-D1-A15W
TCGA-D1-A15X,45,Alive,,1.0,L,3,1A,1A1,0.0,Papillary serous,1,"FBXW7, SPEN, DNER, NCOR2, CREBBP, NOTCH3, FGFR2, KRAS, ERBB4, RASA1, CBL, APC, DKK1, TCF7L2, TLE2, PIK3CA, RICTOR, TSC1, PIK3R2, FAT2, WWC1, FBXW7, ATM",3,29.87,0,29.86511428,reports/TCGA_PathReports_Mutations_Patients 301-400/TCGA-D1-A15X
TCGA-D1-A15Z,72,Deceased,,1.0,L,2,1A,1A2,0.0,Endometrioid,1,"CTNNB1, FAT3, PTEN, FGFR2",3,1.91,0,1.90558485,reports/TCGA_PathReports_Mutations_Patients 301-400/TCGA-D1-A15Z
TCGA-D1-A160,70,Alive,,1.0,L,2,1A,1A2,0.0,Endometrioid,1,"MLH1, FAT1, YAP1, NF2, PIK3R1, PTEN, AKT1, CNTN6, FBXW7, EP300, KRAS, RET, AXIN2, FBXW7",2,3.68,0,3.679750054,reports/TCGA_PathReports_Mutations_Patients 401-500/TCGA-D1-A160
TCGA-D1-A161,78,Alive,,1.0,L,1,1B,1B,0.0,Endometrioid,1,"PIK3CA, PIK3R1, PTEN, ERBB2, FGFR2, LATS1, NCOR2",3,29.31,0,29.30658079,reports/TCGA_PathReports_Mutations_Patients 301-400/TCGA-D1-A161
TCGA-D1-A162,69,Alive,,1.0,L,1,1B,1B,0.0,Endometrioid,0,,0,37.62,0,37.61887332,
TCGA-D1-A163,50,Alive,,1.0,L,2,3C1,3C1,0.0,Endometrioid,1,"MLH1, PIK3CA, PIK3R1, KRAS, KIT, AXIN1, TEAD2, MGA, NCOR2",2,32.56,1,7.326645198,reports/TCGA_PathReports_Mutations_Patients 401-500/TCGA-D1-A163
TCGA-D1-A165,64,Alive,,1.0,L,1,1A,1A2,0.0,Endometrioid,1,"PIK3R1, PTEN, CTNNB1, PTPN14",3,0.66,0,0.657098224,reports/TCGA_PathReports_Mutations_Patients 301-400/TCGA-D1-A165
TCGA-D1-A167,70,Alive,,1.0,L,2,1B,1B,0.0,Endometrioid,1,"MLH1, ERBB2, IGF1R, RAF1, ROS1, HRAS, FLT3, CRB2, PTPN14, FAT1, DCHS1, TEAD2, SPEN, CNTN6, KDM5A, CREBBP, LRP6, TLE2, AMER1, MTOR, PPP2R1A, MGA",2,15.7,0,15.70464755,reports/TCGA_PathReports_Mutations_Patients 401-500/TCGA-D1-A167
TCGA-D1-A168,67,Alive,,1.0,L,3,1A,2C,1.0,Endometrioid,1,"FAT4, FAT2, PIK3CA, KRAS, MXD1",3,36.07,0,36.0746925,reports/TCGA_PathReports_Mutations_Patients 501-529/TCGA-D1-A168
TCGA-D1-A169,63,Alive,,1.0,L,2,4B,4B,0.0,Endometrioid,1,"PTEN, PPP2R1A, PIK3R1, TP53, CCND1, LRP5, FAT1",1,37.29,1,17.05169891,reports/TCGA_PathReports_Mutations_Patients 401-500/TCGA-D1-A169
TCGA-D1-A16B,64,Alive,,1.0,L,2,1B,1B,0.0,Endometrioid,1,"PIK3CA, PTEN, CTNNB1",3,36.34,0,36.33753179,reports/TCGA_PathReports_Mutations_Patients 301-400/TCGA-D1-A16B
TCGA-D1-A16D,49,Alive,,0.0,,2,1A,1A1,0.0,Endometrioid,1,"PIK3CA, PTEN, KRAS, ALK, CREBBP, CCND1",3,37.49,0,37.48745368,reports/TCGA_PathReports_Mutations_Patients 301-400/TCGA-D1-A16D
TCGA-D1-A16E,73,Alive,,0.0,,1,1A,1A2,0.0,Endometrioid,1,"PTEN, PIK3CA, NFE2L2",3,36.76,0,36.76464563,reports/TCGA_PathReports_Mutations_Patients 501-529/TCGA-D1-A16E
TCGA-D1-A16F,60,Alive,,1.0,L,2,1A,1A2,0.0,Endometrioid,1,"PIK3CA, PTEN, KRAS, FGFR2, ATM, TGFBR2, MNT, CUL2, MLH1",2,2.63,0,2.628392896,reports/TCGA_PathReports_Mutations_Patients 501-529/TCGA-D1-A16F
TCGA-D1-A16G,74,Deceased,,1.0,L,3,4B,4B,0.0,Papillary serous,1,"MXD4, MXD3, MYC, MYCN, MXD1, ALK, IGF1R, SOS1, ERBB2, PIK3CA, AKT1, TSC2, FBXW7, CREBBP, EP300, TP53, FBXW7, CCNE1, TLE3, AXIN1, TAOK2, SAV1, SMAD3",1,27.4,1,21.09285299,reports/TCGA_PathReports_Mutations_Patients 301-400/TCGA-D1-A16G
TCGA-D1-A16I,62,Deceased,,1.0,L,3,1B,2Cmp53abn,1.0,Papillary serous,1,"FBXW7, JAG2, NOTCH3, AKT1, AKT3, FGFR2, RIT1, TP53",1,11.47,0,11.46636401,reports/TCGA_PathReports_Mutations_Patients 301-400/TCGA-D1-A16I
TCGA-D1-A16J,61,Alive,,1.0,L,2,2,2A,0.0,Endometrioid,1,"CRB1, FAT4, WWC1, LRP5, PIK3CA, ERBB3, DNER",3,29.87,0,29.86511428,reports/TCGA_PathReports_Mutations_Patients 401-500/TCGA-D1-A16J
TCGA-D1-A16N,51,Alive,,1.0,L,3,3A,3A1,0.0,Endometrioid,1,"MLH1, PIK3CA, PTEN, TP53, RB1, CHCHD7, DROSHA, SYK, HDAC2, YY1","1,2",31.05,0,31.04789108,reports/TCGA_PathReports_Mutations_Patients 401-500/TCGA-D1-A16N
TCGA-D1-A16O,44,Alive,,1.0,L,1,1A,1A2,0.0,Endometrioid,1,"PIK3CA, PTEN, KRAS, PIK3CB, HS6ST1, TSHZ3, KRT3, SRSF11, LINGO4",3,33.58,0,33.57771925,reports/TCGA_PathReports_Mutations_Patients 301-400/TCGA-D1-A16O
TCGA-D1-A16Q,54,Alive,,1.0,L,2,2,2B,0.0,Endometrioid,1,"PTEN, PIK3R1, PIK3CA, CTNNB1",3,10.64,0,10.64499123,reports/TCGA_PathReports_Mutations_Patients 301-400/TCGA-D1-A16Q
TCGA-D1-A16R,39,Alive,,1.0,L,1,1A,1A2,0.0,Endometrioid,1,"PIK3CA, PTEN, CTNNB1, DCHS2, NOTCH3, SMARCA1, MYH9",3,0.69,0,0.689953135,reports/TCGA_PathReports_Mutations_Patients 501-529/TCGA-D1-A16R
TCGA-D1-A16S,70,Alive,,1.0,L,3,3C1,3C1,0.0,Papillary serous,1,"PIK3CA, PPP2R1A, ERBB3, ERBB2, TP53, KEAP1, NOTCH3, MXD1",1,18.66,0,18.66158956,reports/TCGA_PathReports_Mutations_Patients 301-400/TCGA-D1-A16S
TCGA-D1-A16V,78,Deceased,,1.0,L,3,3C2,3C2,0.0,Endometrioid,1,"CRB1, STK4, PTPN14, LRP5, AXIN1, RIT1, NTRK1, TSC2, MDM4, CCND1, CREBBP",3,3.94,1,3.94,reports/TCGA_PathReports_Mutations_Patients 401-500/TCGA-D1-A16V
TCGA-D1-A16X,54,Alive,,1.0,L,2,1A,IAmPOLEmut,0.0,Endometrioid,1,"FAT2, STK3, FAT4, DCHS1, TAOK1, STK4, PIK3R1, PTEN, MTOR, PIK3R3, TSC1, RPTOR, KIT, ROS1, MET, BRAF, APC, TLE1, FBXW7, EP300, SMAD3, MGA, FBXW7, POLE",4,3.65,0,3.646895143,reports/TCGA_PathReports_Mutations_Patients 301-400/TCGA-D1-A16X
TCGA-D1-A16Y,56,Alive,,1.0,L,1,1A,2Cmp53abn,1.0,Endometrioid,1,"ERBB3, NF1, RASA1, KRAS, FBXW7, TP53, ATM, FBXW7, CNTN6, KAT2B, APC, SFRP4, ATM, PTEN, PIK3R3, FAT4, POLE, SMARCD1","1, 4",17.48,0,17.47881276,reports/TCGA_PathReports_Mutations_Patients 301-400/TCGA-D1-A16Y
TCGA-D1-A174,51,Alive,,1.0,L,3,1A,2C,1.0,Endometrioid,1,"MLH1, FAT1, WWC1, FAT3, ERBB3, KIT, EGFR, PIK3CA, PTEN, SMAD3, MLXIP, KAT2B, CCND1",2,19.52,0,19.51581725,reports/TCGA_PathReports_Mutations_Patients 301-400/TCGA-D1-A174
TCGA-D1-A175,48,Alive,,1.0,L,3,1B,2C,1.0,Endometrioid and undifferentiated,1,"LRRN3, TMEM161A",3,6.64,0,6.636692062,reports/TCGA_PathReports_Mutations_Patients 401-500/TCGA-D1-A175
TCGA-D1-A176,67,Alive,,1.0,L,2,1A,1A2,0.0,Endometrioid,1,"MLH1, PIK3R1, PTEN, STK11, FAT1, FAT3, SOS1, MET, NOTCH4, NCOR2, TGFBR1",2,30.13,0,30.12795357,reports/TCGA_PathReports_Mutations_Patients 401-500/TCGA-D1-A176
TCGA-D1-A177,70,Alive,,1.0,L,2,1B,1B,0.0,Endometrioid,1,"MLH1, NOTCH3, EP300, CREBBP, NOTCH2, NCOR2, PTEN, TSC2, TSC1, FGFR4, FGFR1, FAT4, DCHS2",2,18.0,1,11.40065419,reports/TCGA_PathReports_Mutations_Patients 301-400/TCGA-D1-A177
TCGA-D1-A179,76,Deceased,,1.0,L,3,3C2,3C2,0.0,Papillary serous,1,"RIT1, RAF1, BRAF, MYC, MYCL, PIK3R3, RHEB, NOTCH4",3,14.72,1,14.02904708,reports/TCGA_PathReports_Mutations_Patients 301-400/TCGA-D1-A179
TCGA-D1-A17A,59,Alive,,1.0,L,3,1A,2C,1.0,Endometrioid and clear cell,1,"MLH1, PIK3CA, PTEN, RPTOR, MDM2, FAT3, KRAS, SPEN",2,1.58,0,1.577035738,reports/TCGA_PathReports_Mutations_Patients 401-500/TCGA-D1-A17A
TCGA-D1-A17B,69,Alive,,1.0,L,2,1A,1A2,0.0,Endometrioid,1,"MLH1, SPEN, KDM5A, NOTCH3, PIK3R1, PTEN, RET",2,6.97,0,6.965241174,reports/TCGA_PathReports_Mutations_Patients 301-400/TCGA-D1-A17B
TCGA-D1-A17C,78,Alive,,1.0,L,1,1A,1A2,0.0,Endometrioid,1,"PTEN, PIK3R1, CTNNB1, MGA",3,0.99,0,0.985647336,reports/TCGA_PathReports_Mutations_Patients 401-500/TCGA-D1-A17C
TCGA-D1-A17D,58,Alive,,1.0,L,3,1B,2C,1.0,Endometrioid,1,"MLH1, PTEN, PIK3R1, LRP5, NTRK1, NOTCH1, CCND1",2,30.42,0,30.42364777,reports/TCGA_PathReports_Mutations_Patients 401-500/TCGA-D1-A17D
TCGA-D1-A17F,68,Alive,,1.0,L,2,1A,1A2,0.0,Endometrioid,1,"MLH1, PIK3CA, PTEN, MTOR, NRAS, APC",2,1.28,0,1.281341537,reports/TCGA_PathReports_Mutations_Patients 301-400/TCGA-D1-A17F
TCGA-D1-A17H,61,Alive,,1.0,L,1,1A,1A2,0.0,Endometrioid,1,"MLH1, PIK3CA, TSC2, PTEN, KRAS, ERBB3, PTPN11, FAT3, FAT2",2,27.99,0,27.99238434,reports/TCGA_PathReports_Mutations_Patients 401-500/TCGA-D1-A17H
TCGA-D1-A17K,74,Alive,,0.0,,2,1A,2Cmp53abn,1.0,Endometrioid,1,"RIT1, ALK, KRAS, IGF1R, MAP2K1, TP53, TLE3, LRP6, TCF7, CSNK1D, TEAD2, FAT2, ACVR2B, SMAD3, PIK3CA, PIK3R2, KDM5A, NOTCH3, MYCN",1,28.06,1,26.77675263,reports/TCGA_PathReports_Mutations_Patients 401-500/TCGA-D1-A17K
TCGA-D1-A17L,81,Alive,,1.0,L,1,1A,1A2,0.0,Endometrioid,1,"PIK3CA, PTEN, MAX",3,26.35,0,26.34963878,reports/TCGA_PathReports_Mutations_Patients 301-400/TCGA-D1-A17L
TCGA-D1-A17M,56,Alive,,1.0,L,1,2,2A,0.0,Endometrioid,1,"MLH1, CTNNB1, APC, RNF43, PIK3CA, PTEN, PIK3R1, FAT1, PTPN14, NF1",2,10.22,0,10.21787738,reports/TCGA_PathReports_Mutations_Patients 301-400/TCGA-D1-A17M
TCGA-D1-A17N,46,Alive,,0.0,,2,1A,1A1,0.0,Endometrioid,1,"CTNNB1, DCHS1, PTEN",3,1.51,0,1.511325915,reports/TCGA_PathReports_Mutations_Patients 301-400/TCGA-D1-A17N
TCGA-D1-A17Q,54,Alive,,1.0,L,2,1A,IAmPOLEmut,0.0,Endometrioid,1,"POLE, ERBB4, FLT3, ROS1, NTRK1, ALK, PDGFRA, KIT, RASA1, NTRK2, CBL, NF1, ATM, CHEK2, PIK3CA, CUL1, CNTN6, NCOR2, NOTCH2, DNER, KAT2B, FBXW7, CREBBP, EP300, FAT1, FAT4, STK3, FAT2, DCHS1, TAOK3, LATS2, MTOR, PTEN, AKT3, AKT2, PIK3R1, RICTOR, AMER1, TLE4, LRP5, TLE1, TGFBR2, SMAD4, MXD1, MLXIP, FBXW7, NFE2L2",4,1.77,0,1.774165205,reports/TCGA_PathReports_Mutations_Patients 501-529/TCGA-D1-A17Q
TCGA-D1-A17R,58,Deceased,,1.0,L,2,1A,1A2,0.0,Endometrioid,1,"MSH1, PTEN, PIK3R1, CTNNB1, FAT3",2,11.14,0,11.1378149,reports/TCGA_PathReports_Mutations_Patients 401-500/TCGA-D1-A17R
TCGA-D1-A17S,59,Alive,,1.0,L,1,1A,1A2,0.0,Endometrioid,1,"PIK3CA, PTEN, CTNNB1",3,24.28,0,24.27977938,reports/TCGA_PathReports_Mutations_Patients 301-400/TCGA-D1-A17S
TCGA-D1-A17T,67,Alive,,1.0,L,2,1A,1A2,0.0,Endometrioid,1,"PIK3CA, PTEN, CTNNB1, ATM, FAT3",3,2.3,0,2.299843784,reports/TCGA_PathReports_Mutations_Patients 401-500/TCGA-D1-A17T
TCGA-D1-A17U,53,Alive,,1.0,L,2,3C2,3C2,0.0,Endometrioid,1,"MLH1, FAT4, PTPN14, PTEN, PIK3R1, KRAS, NFE2L2",2,22.9,0,22.89987311,reports/TCGA_PathReports_Mutations_Patients 501-529/TCGA-D1-A17U
TCGA-D1-A1NS,53,Alive,,1.0,L,1,1A,1A2,0.0,Endometrioid,1,"AMER1, MLH1",2,1.41,0,1.412761182,reports/TCGA_PathReports_Mutations_Patients 301-400/TCGA-D1-A1NS
TCGA-D1-A1NU,74,Alive,,1.0,L,3,1A,2Cmp53abn,1.0,Papillary serous,1,"AMER1, SFRP1, DKK4, TP53, CHEK2, PIK3CA, MTOR, ERBB3, FGFR1, WWC1",1,13.21,0,13.2076743,reports/TCGA_PathReports_Mutations_Patients 301-400/TCGA-D1-A1NU
TCGA-D1-A1NW,72,Alive,,1.0,L,3,4B,4B,0.0,Endometrioid and serous,1,"TAOK2, PIK3R2, KEAP1, CCNE1, MYC, NOTCH3",3,0.72,0,0.722808046,reports/TCGA_PathReports_Mutations_Patients 401-500/TCGA-D1-A1NW
TCGA-D1-A1NX,66,Alive,,1.0,L,3,3C2,3C2,0.0,Papillary serous,1,"TP53, CHEK2, FGFR3, ERBB2, PIK3CA, KDM5A",1,18.23,1,15.63893773,reports/TCGA_PathReports_Mutations_Patients 501-529/TCGA-D1-A1NX
TCGA-D1-A1NY,67,Alive,,1.0,L,3,1B,2C,1.0,Endometrioid,1,"MLH1, CRB1, FAT1, PTPN14, CSNK1E, PSEN2, EP300, MDM4, AKT3",2,16.85,0,16.85456945,reports/TCGA_PathReports_Mutations_Patients 301-400/TCGA-D1-A1NY
TCGA-D1-A1NZ,60,Alive,,1.0,L,1,1A,1A2,0.0,Endometrioid,1,"CRB1, PTPN14, RIT1, NTRK1, MDM4, AKT3, PSEN2, MLH1",2,18.0,0,18.00449134,reports/TCGA_PathReports_Mutations_Patients 501-529/TCGA-D1-A1NZ
TCGA-D1-A1O0,77,Alive,,1.0,L,3,1A,2C,1.0,Endometrioid and clear cell,1,"RIT1, FGFR3, STK4, PTEN, NOTCH3",3,2.07,0,2.069859406,reports/TCGA_PathReports_Mutations_Patients 401-500/TCGA-D1-A1O0
TCGA-D1-A1O5,61,Alive,,1.0,L,1,1A,1A2,0.0,Endometrioid,1,"IPO11, LRRC70",3,15.05,0,15.04754933,reports/TCGA_PathReports_Mutations_Patients 401-500/TCGA-D1-A1O5
TCGA-D1-A1O7,60,Alive,,0.0,,1,1B,1B,0.0,Endometrioid,1,MLH1,2,1.05,0,1.051357158,reports/TCGA_PathReports_Mutations_Patients 301-400/TCGA-D1-A1O7
TCGA-D1-A1O8,70,Alive,,1.0,L,3,3C1,3C1,0.0,Endometrioid,0,,0,5.65,0,5.651044726,reports/TCGA_PathReports_Mutations_Patients 401-500/TCGA-D1-A1O8
TCGA-D1-A2G0,70,Alive,,1.0,L,3,1A,2C,1.0,Endometrioid and serous,0,,0,3.52,0,3.515475498,reports/TCGA_PathReports_Mutations_Patients 301-400/TCGA-D1-A2G0
TCGA-D1-A2G5,50,Alive,,1.0,L,3,3C1,3C1,0.0,Endometrioid,1,"RIT1, NTRK1, CRB1, AKT3, MLH1",2,41.4,1,,reports/TCGA_PathReports_Mutations_Patients 401-500/TCGA-D1-A2G5
TCGA-D1-A2G6,53,Deceased,,1.0,L,3,3C1,3C1,0.0,Endometrioid,1,"MYC, CALM2, MLH1",2,8.48,1,,reports/TCGA_PathReports_Mutations_Patients 401-500/TCGA-D1-A2G6
TCGA-DI-A0WH,64,Alive,,1.0,L,3,1A,2C,1.0,Endometrioid,1,"FAT4, DCHS2, TSC1, AKT1, SFRP4, FGFR2, PSEN2, MLH1",2,16.26,Unk,,reports/TCGA_PathReports_Mutations_Patients 301-400/TCGA-DI-A0WH
TCGA-DI-A1BU,55,Alive,,1.0,L,3,2,2C,0.0,Endometrioid and serous,0,,0,39.26,Unk,,reports/TCGA_PathReports_Mutations_Patients 301-400/TCGA-DI-A1BU
TCGA-DI-A1BY,63,Alive,,1.0,L,2,2,2A,0.0,Endometrioid,1,MYCN,3,36.6,Unk,,reports/TCGA_PathReports_Mutations_Patients 301-400/TCGA-DI-A1BY
TCGA-DI-A1C3,38,Alive,,0.0,,2,1A,1A2,0.0,Endometrioid,1,"INFA21, INFA4",3,24.28,Unk,,reports/TCGA_PathReports_Mutations_Patients 301-400/TCGA-DI-A1C3
TCGA-DI-A1NN,63,Alive,,1.0,L,3,3C2,3C2,0.0,Papillary serous,1,"FBXW7, NCOR2, NOTCH3, TAOK3, TAOK1, TP53, FBXW7, MYC, MLXLP, PTPN11, PIK3R2, KEAP1",1,35.35,1,33.57771925,reports/TCGA_PathReports_Mutations_Patients 401-500/TCGA-DI-A1NN
TCGA-DI-A1NO,68,Deceased,,1.0,L,3,4A,4A,0.0,Endometrioid,1,"DKK2, SFRP5, RHEB, PIK3R1, FAT4, RASA1, MXI1",3,9.36,1,,reports/TCGA_PathReports_Mutations_Patients 301-400/TCGA-DI-A1NO
TCGA-E6-A1LX,40,Alive,,1.0,L,3,1A,2C,1.0,Endometrioid,0,,0,23.36,0,23.35984186,reports/TCGA_PathReports_Mutations_Patients 301-400/TCGA-E6-A1LX
TCGA-E6-A1LZ,76,Alive,,1.0,L,3,1A,2Cmp53abn,1.0,Papillary serous and clear cell,1,"FBXW7, TP53, CCNE1, ERBB3, ERBB2, PIK3CA, FAT4",1,48.33,0,48.32957438,reports/TCGA_PathReports_Mutations_Patients 401-500/TCGA-E6-A1LZ
TCGA-E6-A1M0,56,Alive,,1.0,L,3,3C1,3C1,0.0,Endometrioid,0,,0,17.02,0,17.018844,reports/TCGA_PathReports_Mutations_Patients 401-500/TCGA-E6-A1M0
TCGA-EC-A1NJ,73,Alive,,0.0,,2,,,,Endometrioid,,,3,8.58,0,8.575131823,reports/TCGA_PathReports_Mutations_Patients 401-500/TCGA-EC-A1NJ
TCGA-EC-A1QX,71,Alive,,0.0,,3,1B,2C,1.0,Endometrioid,0,,0,7.33,1,7.162370642,reports/TCGA_PathReports_Mutations_Patients 401-500/TCGA-EC-A1QX
TCGA-EC-A24G,57,Alive,,1.0,L,3,2,2A,0.0,Endometrioid,1,NF1,3,1.51,0,1.51,reports/TCGA_PathReports_Mutations_Patients 301-400/TCGA-EC-A24G
TCGA-EO-A1Y5,63,Alive,,1.0,L,3,3C1,3C1,0.0,Papillary serous,1,"FBXW7, TP53, CCNE1, ARAF, FGFR1, ERBB4, MOB1B, PIK3R2, FBXW7",1,10.91,0,10.90783052,reports/TCGA_PathReports_Mutations_Patients 301-400/TCGA-EO-A1Y5
TCGA-EO-A1Y7,65,Alive,,1.0,L,3,1B,2C,1.0,Endometrioid,1,"DKK4, ERBB3",3,7.98,0,7.983743422,reports/TCGA_PathReports_Mutations_Patients 301-400/TCGA-EO-A1Y7
TCGA-EO-A1Y8,87,Alive,,1.0,L,3,1A,2Cmp53abn,1.0,Papillary serous and clear cell,1,"PIK3CA, PPP2R1A, RICTOR, SFRP1, DKK4, FGFR2, NF1, MYC, TP53, STK3, KEAP1",1,10.78,0,10.77641087,reports/TCGA_PathReports_Mutations_Patients 301-400/TCGA-EO-A1Y8
TCGA-EY-A1G7,86,Deceased,,0.0,,2,2,2A,0.0,Endometrioid,1,"CRB1, PTPN14, MDM4, AKT3, PSEN2",3,6.21,1,3.121216564,
TCGA-EY-A1G8,83,Deceased,,1.0,L,3,1A,2C,1.0,Endometrioid,0,,0,14.95,0,14.9489846,
TCGA-EY-A1GC,62,Alive,,1.0,L,3,1A,2C,1.0,Endometrioid,1,"CTNNB1, AXIN1, SFRP1, DFK4, TGFBR2, ACV2RB, CNTN6, KAT2B, RAF1, MYC",3,4.53,0,4.533977746,reports/TCGA_PathReports_Mutations_Patients 301-400/TCGA-EY-A1GC
TCGA-EY-A1GD,51,Alive,,1.0,L,1,1A,1A1,0.0,Endometrioid,0,,0,8.15,0,8.148017978,reports/TCGA_PathReports_Mutations_Patients 401-500/TCGA-EY-A1GD
TCGA-EY-A1GE,67,Alive,,1.0,L,1,1A,1A1,0.0,Endometrioid,0,,0,24.35,0,24.3454892,reports/TCGA_PathReports_Mutations_Patients 301-400/TCGA-EY-A1GE
TCGA-EY-A1GF,75,Alive,,1.0,L,2,1A,1A2,0.0,Endometrioid,1,DHCR24,3,27.14,0,27.13815665,reports/TCGA_PathReports_Mutations_Patients 301-400/TCGA-EY-A1GF
TCGA-EY-A1GH,70,Alive,,1.0,L,2,1A,1A2,0.0,Endometrioid,1,"CHST12, DDX18",3,23.29,0,23.29413204,reports/TCGA_PathReports_Mutations_Patients 301-400/TCGA-EY-A1GH
TCGA-EY-A1GI,52,Alive,,1.0,L,2,1B,1B,0.0,Endometrioid,1,"PTLH, TMPO, SLC25A3, SNORA53, IKBIP, APAF1, ANKS1B",3,23.29,0,23.29413204,reports/TCGA_PathReports_Mutations_Patients 401-500/TCGA-EY-A1GI
TCGA-EY-A1GJ,73,Alive,,1.0,L,3,1A,1A1,0.0,Endometrioid,1,"MTOR, RICTOR, PIK3R2, ERRFI1, ERBB3, SOS1, AXIN1, RNF43, NOTCH3, SPEN, SMAD2, WWC1, KEAP1, MYC",3,23.89,0,23.88552044,reports/TCGA_PathReports_Mutations_Patients 401-500/TCGA-EY-A1GJ
TCGA-EY-A1GK,74,Alive,,1.0,L,3,1B,2C,1.0,Endometrioid,1,"CTCF, CDH1, CHTF8, ZFHX3, HSD17B2, IRF8, EXOSC6, FBXO31, CMTR2, PHLPP2",3,22.77,0,22.76845346,reports/TCGA_PathReports_Mutations_Patients 401-500/TCGA-EY-A1GK
TCGA-EY-A1GL,51,Alive,,1.0,L,2,2,2B,0.0,Endometrioid,0,,0,13.93,0,13.93048235,reports/TCGA_PathReports_Mutations_Patients 401-500/TCGA-EY-A1GL
TCGA-EY-A1GM,60,Alive,,1.0,L,3,3A,3A1,0.0,Endometrioid and serous,1,"STK4, CCNE1",3,6.87,0,6.866676441,reports/TCGA_PathReports_Mutations_Patients 401-500/TCGA-EY-A1GM
TCGA-EY-A1GO,65,Alive,,1.0,L,2,3C1,3C1,0.0,Endometrioid,0,,0,19.25,1,16.98598909,reports/TCGA_PathReports_Mutations_Patients 501-529/TCGA-EY-A1GO
TCGA-EY-A1GP,54,Alive,,1.0,L,1,1A,1A2,0.0,Endometrioid,1,"CRB1, PTPN14, RIT1, NTRK1, MDM4, AKT3, PSEN2",3,18.83,0,18.82586412,reports/TCGA_PathReports_Mutations_Patients 401-500/TCGA-EY-A1GP
TCGA-EY-A1GQ,76,Alive,,1.0,L,3,1B,2C,1.0,Endometrioid,0,,0,17.87,1,10.97354034,reports/TCGA_PathReports_Mutations_Patients 301-400/TCGA-EY-A1GQ
TCGA-EY-A1GR,67,Alive,,1.0,L,3,1A,2C,1.0,Endometrioid,0,,0,17.61,0,17.6102324,reports/TCGA_PathReports_Mutations_Patients 401-500/TCGA-EY-A1GR
TCGA-EY-A1GS,71,Alive,,1.0,L,3,4B,4B,0.0,Papillary serous,1,"LRP6, TLE2, SFRP5, TCF7L2, RICTOR, STK11, RAC1, FGFR2, MYC, MXI1, NOTCH2, CUL1, TP53",1,15.08,1,,reports/TCGA_PathReports_Mutations_Patients 401-500/TCGA-EY-A1GS
TCGA-EY-A1GT,68,Alive,,1.0,L,1,3A,1A3,1.0,Endometrioid,0,,0,16.1,0,16.09890649,reports/TCGA_PathReports_Mutations_Patients 401-500/TCGA-EY-A1GT
TCGA-EY-A1GU,66,Alive,,1.0,L,2,1B,1B,0.0,Endometrioid,0,,0,12.42,0,12.41915643,reports/TCGA_PathReports_Mutations_Patients 301-400/TCGA-EY-A1GU
TCGA-EY-A1GV,75,Alive,,1.0,L,3,3C1,3C1,0.0,Endometrioid and serous,1,"RIT1, NTRK1, FGFR4, ERBB2, LRP6, TGFBR2, AKT2, CCNE1",3,15.8,0,15.80321229,reports/TCGA_PathReports_Mutations_Patients 301-400/TCGA-EY-A1GV
TCGA-EY-A1GW,73,Deceased,,0.0,,3,4B,4B,0.0,Endometrioid,1,MGA,3,11.07,1,6.242433128,reports/TCGA_PathReports_Mutations_Patients 401-500/TCGA-EY-A1GW
TCGA-EY-A1GX,76,Alive,,1.0,L,2,3A,1A3,1.0,Endometrioid,1,MYH14,3,6.47,0,6.472417506,reports/TCGA_PathReports_Mutations_Patients 301-400/TCGA-EY-A1GX
TCGA-EY-A1H0,57,Alive,,1.0,L,2,3C1,3C1,0.0,Endometrioid,1,"LIBRA, MAB21L2",3,19.32,1,14.71900022,reports/TCGA_PathReports_Mutations_Patients 301-400/TCGA-EY-A1H0
TCGA-EY-A210,82,Alive,,1.0,L,3,3C2,3C2,0.0,Endometrioid and serous,1,"SMG1, ANGPTL2, GARNL3, SLC2A8, ZNF79, RPL12, SNORA65, LRSAM1, NIBAN2, STXBP1",3,12.58,0,12.58343099,reports/TCGA_PathReports_Mutations_Patients 401-500/TCGA-EY-A210
TCGA-EY-A212,83,Deceased,,1.0,L,3,3C1,3C1,0.0,Papillary serous and clear cell,1,"TP53, FGFR4, RIT1, ALK, CBL, SOS1, ERBB4, RAF1, ERBB2, CRB1, STK4, YAP1, FAP3, TAOK2, PPP2R1A, PIK3CA, RICTOR, PIK3R2, SFRP4, LRP5, AXIN1, CCND1, ATM, MYCN",1,9.96,1,,reports/TCGA_PathReports_Mutations_Patients 501-529/TCGA-EY-A212
TCGA-EY-A214,66,Alive,,1.0,L,3,3C1,3C1,0.0,Endometrioid and mucinous,1,"CRB1, STK4, PTPN14, MDM2, MDM4, PIK3CA, AKT3, GSK3B, KRAS, PSEN2",3,14.39,0,14.39045111,reports/TCGA_PathReports_Mutations_Patients 301-400/TCGA-EY-A214
TCGA-EY-A215,60,Alive,,1.0,L,3,1A,2C,1.0,Endometrioid,1,"CWC27, ADAMTS6, ZNF280D, DGKK, SHROOM4, BMP15, NUDT10, NUDT11, GSPT2, SSX7, SSX8P, TCF12-DT, TCF12, MAGED1",3,18.86,0,18.85871903,reports/TCGA_PathReports_Mutations_Patients 501-529/TCGA-EY-A215
TCGA-FI-A2CX,82,Alive,,1.0,L,3,1A,2C,1.0,Endometrioid,1,"CHEK2, IGF1R",3,39.98,0,39.98442693,reports/TCGA_PathReports_Mutations_Patients 301-400/TCGA-FI-A2CX
TCGA-FI-A2CY,60,Alive,,1.0,L,3,1A,1A1,0.0,Endometrioid and serous,1,"LRP5, TLE3, GSK3B, NRARP, ARRDC1, NOTCH3, PIK3R3, PIK3CA, AKT3, ALK, SOS1, MAP2K1, SMAD3, CSNK1D, KEAP1, MYCN, CCNE1",3,34.96,0,34.95762552,reports/TCGA_PathReports_Mutations_Patients 301-400/TCGA-FI-A2CY
TCGA-FI-A2D0,55,Alive,,1.0,L,3,1A,1A1,0.0,Endometrioid,0,,0,33.97,0,33.97197818,reports/TCGA_PathReports_Mutations_Patients 301-400/TCGA-FI-A2D0
TCGA-FI-A2D2,66,Alive,,0.0,,3,1A,2Cmp53abn,1.0,Endometrioid and serous,1,"TP53, PIK3CA, PPP2R1A, PTEN, KEAP1, NFE2L2, NTRK1, MAPK1, SFRP1, TAOK2",1,35.98,0,35.97612776,reports/TCGA_PathReports_Mutations_Patients 301-400/TCGA-FI-A2D2
TCGA-FI-A2D4,44,Deceased,,,,3,3C1,3C1,0.0,Endometrioid,1,"MDM4, MLH1",2,7.95,1,,reports/TCGA_PathReports_Mutations_Patients 501-529/TCGA-FI-A2D4
TCGA-FI-A2D5,56,Deceased,,1.0,S,3,4B,4B,0.0,Undifferentiated,0,,0,14.0,1,,reports/TCGA_PathReports_Mutations_Patients 501-529/TCGA-FI-A2D5
TCGA-FI-A2D6,74,Alive,,1.0,L,3,1B,2C,1.0,Undifferentiated,0,,0,8.97,0,8.969390758,reports/TCGA_PathReports_Mutations_Patients 301-400/TCGA-FI-A2D6
TCGA-FI-A2EU,68,Alive,,1.0,L,3,1A,2C,1.0,Papillary serous,1,"RICTOR, FGFR3",3,84.01,0,84.01000794,reports/TCGA_PathReports_Mutations_Patients 301-400/TCGA-FI-A2EU
TCGA-FI-A2EW,71,Alive,,1.0,L,3,2,2Cmp53abn,0.0,Papillary serous,1,"ATM, TP53, CCNE1, FGFR2, HRAS, ARAF, FAT3, YAP1, AMER1, AKT3",1,58.97,1,,reports/TCGA_PathReports_Mutations_Patients 401-500/TCGA-FI-A2EW
TCGA-FI-A2EX,58,Alive,,1.0,L,3,3A,3A1,0.0,"Papillary serous, clear cell",1,"AKT2, PIK3CA, TP53, DKK4, GSK3B, NF1, RIT1, FBXW7, MYC",1,9.07,1,9.07,reports/TCGA_PathReports_Mutations_Patients 401-500/TCGA-FI-A2EX
TCGA-FI-A2F4,64,Alive,,1.0,L,3,1B,2C,1.0,Endometrioid,0,,0,28.91,0,28.91232186,reports/TCGA_PathReports_Mutations_Patients 301-400/TCGA-FI-A2F4
TCGA-FI-A2F8,64,Alive,,1.0,L,3,2,2Cmp53abn,0.0,Papillary serous,1,"TP53, TGFBR1",1,25.0,0,25.00258742,reports/TCGA_PathReports_Mutations_Patients 401-500/TCGA-FI-A2F8
TCGA-FI-A2F9,79,Alive,,1.0,L,3,1B,2C,1.0,Endometrioid,1,"ERBB2, ERBB3, FGFR3, NOTCH1, MXD3",3,25.99,0,25.98823476,reports/TCGA_PathReports_Mutations_Patients 401-500/TCGA-FI-A2F9
